"LocalTime","Timestamp","Elizabeth River Eastern Branch at Grandy Village","Little Creek at 20th Bay St","Lafayette River at Mayflower Rd","Mason Creek at Granby St","Elizabeth River Main Branch at Nauticus"
"2025 Oct 13 01:24:00 PM","1,760,376,240","3.33102441",,"3.3621006","1.09640729",
"2025 Oct 13 01:18:00 PM","1,760,375,880","3.265934",,"3.29657555","1.10165739",
"2025 Oct 13 01:12:00 PM","1,760,375,520","3.20693946",,"3.23757958","1.08210313",
"2025 Oct 13 01:06:00 PM","1,760,375,160","3.13531947",,"3.17815018","1.06909215",
"2025 Oct 13 01:00:00 PM","1,760,374,800","3.08372569",,"3.10827065","1.06848347",
"2025 Oct 13 12:54:00 PM","1,760,374,440","3.03387284",,"3.059943","1.06696188",
"2025 Oct 13 12:48:00 PM","1,760,374,080","2.986417",,"2.99920583","1.0652498",
"2025 Oct 13 12:42:00 PM","1,760,373,720","2.93591142",,"2.95479655","1.06635308",
"2025 Oct 13 12:36:00 PM","1,760,373,360","2.87430382",,"2.90733981","1.06467915",
"2025 Oct 13 12:30:00 PM","1,760,373,000","2.82619476",,"2.85117531","1.06388032",
"2025 Oct 13 12:24:00 PM","1,760,372,640","2.77677727",,"2.79631615","1.06076062",
"2025 Oct 13 12:18:00 PM","1,760,372,280","2.71255875",,"2.73710346","1.06167376",
"2025 Oct 13 12:12:00 PM","1,760,371,920","2.662924",,"2.67636752","1.06091273",
"2025 Oct 13 12:06:00 PM","1,760,371,560","2.61416078",,"2.627169","1.06041825",
"2025 Oct 13 12:00:00 PM","1,760,371,200","2.55756044",,"2.577317","1.06079876",
"2025 Oct 13 11:54:00 AM","1,760,370,840","2.506838",,"2.52964187","1.05969536",
"2025 Oct 13 11:48:00 AM","1,760,370,480","2.45938087",,"2.47238851","1.05980957",
"2025 Oct 13 11:42:00 AM","1,760,370,120","2.41083527",,"2.42732644","1.05889654",
"2025 Oct 13 11:36:00 AM","1,760,369,760","2.35663033",,"2.36702561","1.05718458",
"2025 Oct 13 11:30:00 AM","1,760,369,400","2.31679153",,"2.32000351","1.05646169",
"2025 Oct 13 11:24:00 AM","1,760,369,040","2.25083041",,"2.272546","1.054103",
"2025 Oct 13 11:18:00 AM","1,760,368,680","2.20315623",,"2.22879","1.05562484",
"2025 Oct 13 11:12:00 AM","1,760,368,320","2.15896535",,"2.18699336","1.054103",
"2025 Oct 13 11:06:00 AM","1,760,367,960","2.118474",,"2.150203","1.05463564",
"2025 Oct 13 11:00:00 AM","1,760,367,600","2.077547",,"2.12669253","1.05223882",
"2025 Oct 13 10:54:00 AM","1,760,367,240","2.03596687",,"2.09512687","1.05185854",
"2025 Oct 13 10:48:00 AM","1,760,366,880","1.99286461",,"2.0626893","1.04942358",
"2025 Oct 13 10:42:00 AM","1,760,366,520","1.95672715",,"2.03286624","1.04801607",
"2025 Oct 13 10:36:00 AM","1,760,366,160","1.92842865",,"2.00391269","1.04794",
"2025 Oct 13 10:30:00 AM","1,760,365,800","1.89816821",,"1.99781752","1.04801619",
"2025 Oct 13 10:24:00 AM","1,760,365,440","1.86333883",,"1.97387111","1.047103",
"2025 Oct 13 10:18:00 AM","1,760,365,080","1.82611144",,"1.93991125","1.04801607",
"2025 Oct 13 10:12:00 AM","1,760,364,720","1.78670847",,"1.903992","1.04668462",
"2025 Oct 13 10:06:00 AM","1,760,364,360","1.76276314",,"1.87895763","1.04683673",
"2025 Oct 13 10:00:00 AM","1,760,364,000","1.74077559",,"1.843038","1.0477879",
"2025 Oct 13 09:54:00 AM","1,760,363,640","1.70616281",,"1.82627547","1.04527688",
"2025 Oct 13 09:48:00 AM","1,760,363,280","1.69919682",,"1.80036986","1.04478228",
"2025 Oct 13 09:42:00 AM","1,760,362,920","1.6885308",,"1.78099525","1.04535294",
"2025 Oct 13 09:36:00 AM","1,760,362,560","1.6759038",,"1.769457","1.04436386",
"2025 Oct 13 09:30:00 AM","1,760,362,200","1.66327727",,,"1.04508674",
"2025 Oct 13 09:24:00 AM","1,760,361,840","1.66588986",,"1.74333465","1.043641",
"2025 Oct 13 09:18:00 AM","1,760,361,480","1.68765926",,"1.7383275","1.045505",
"2025 Oct 13 09:12:00 AM","1,760,361,120","1.69832611",,"1.74093926","1.04402149",
"2025 Oct 13 09:06:00 AM","1,760,360,760","1.7150892",,"1.76706254","1.042652",
"2025 Oct 13 09:00:00 AM","1,760,360,400","1.73468053",,"1.77141631","1.04242361",
"2025 Oct 13 08:54:00 AM","1,760,360,040","1.75274909",,"1.79122686","1.04242361",
"2025 Oct 13 08:48:00 AM","1,760,359,680","1.78431416",,"1.80885923","1.04204309",
"2025 Oct 13 08:42:00 AM","1,760,359,320","1.81870973",,"1.83846664","1.04394531",
"2025 Oct 13 08:36:00 AM","1,760,358,960","1.84069729",,"1.87982833","1.04170084",
"2025 Oct 13 08:30:00 AM","1,760,358,600","1.869433",,"1.89876711","1.042766",
"2025 Oct 13 08:24:00 AM","1,760,358,240","1.90774691",,"1.92445517","1.03957045",
"2025 Oct 13 08:18:00 AM","1,760,357,880","1.93909514",,"1.94861877","1.03934216",
"2025 Oct 13 08:12:00 AM","1,760,357,520","1.97806168",,"1.98192561","1.03732574",
"2025 Oct 13 08:06:00 AM","1,760,357,160","2.018117",,"2.02611732","1.038391",
"2025 Oct 13 08:00:00 AM","1,760,356,800","2.05338383",,"2.06486678","1.03823888",
"2025 Oct 13 07:54:00 AM","1,760,356,440","2.08386064",,"2.08881378","1.03808677",
"2025 Oct 13 07:48:00 AM","1,760,356,080","2.13262439",,"2.13583541","1.03751612",
"2025 Oct 13 07:42:00 AM","1,760,355,720","2.17703414",,"2.17719674","1.03698349",
"2025 Oct 13 07:36:00 AM","1,760,355,360","2.221878",,"2.22269464","1.03588021",
"2025 Oct 13 07:30:00 AM","1,760,355,000","2.27042365",,"2.27015138","1.03580415",
"2025 Oct 13 07:24:00 AM","1,760,354,640","2.31287313",,"2.30911875","1.03588021",
"2025 Oct 13 07:18:00 AM","1,760,354,280","2.35597777",,"2.35766459","1.03257048",
"2025 Oct 13 07:12:00 AM","1,760,353,920","2.397992",,"2.40642762","1.03382587",
"2025 Oct 13 07:06:00 AM","1,760,353,560","2.438265",,"2.44256473","1.03348351",
"2025 Oct 13 07:00:00 AM","1,760,353,200","2.49138141",,"2.50438952","1.03363562",
"2025 Oct 13 06:54:00 AM","1,760,352,840","2.53709745",,"2.55772519","1.03238022",
"2025 Oct 13 06:48:00 AM","1,760,352,480","2.57932949",,"2.61193013","1.03241825",
"2025 Oct 13 06:42:00 AM","1,760,352,120","2.62178087",,"2.65612173","1.03310311",
"2025 Oct 13 06:36:00 AM","1,760,351,760","2.66706014",,"2.69160533","1.03279877",
"2025 Oct 13 06:30:00 AM","1,760,351,400","2.72823215",,"2.74581146","1.03333127",
"2025 Oct 13 06:24:00 AM","1,760,351,040","2.787227",,"2.80981374","1.03268445",
"2025 Oct 13 06:18:00 AM","1,760,350,680","2.83054829",,"2.86010051","1.03283679",
"2025 Oct 13 06:12:00 AM","1,760,350,320","2.88127041",,"2.90189743","1.03150523",
"2025 Oct 13 06:06:00 AM","1,760,349,960","2.93961239",,"2.9380343","1.03279865",
"2025 Oct 13 06:00:00 AM","1,760,349,600","2.99599433",,"2.97700119","1.03215194",
"2025 Oct 13 05:54:00 AM","1,760,349,240","3.04562831",,"3.024676","1.03276062",
"2025 Oct 13 05:48:00 AM","1,760,348,880","3.11746716",,"3.0666914","1.03466272",
"2025 Oct 13 05:42:00 AM","1,760,348,520","3.16710162",,"3.11022949","1.03321719",
"2025 Oct 13 05:36:00 AM","1,760,348,160","3.219349",,"3.15507436","1.0362606",
"2025 Oct 13 05:30:00 AM","1,760,347,800","3.28879142",,"3.19600034","1.03645086",
"2025 Oct 13 05:24:00 AM","1,760,347,440","3.34909368",,"3.240845","1.03896189",
"2025 Oct 13 05:18:00 AM","1,760,347,080","3.41352963",,"3.30071163","1.040103",
"2025 Oct 13 05:12:00 AM","1,760,346,720","3.4705658",,"3.352958","1.04310834",
"2025 Oct 13 05:06:00 AM","1,760,346,360","3.5397923",,"3.40542126","1.04573345",
"2025 Oct 13 05:00:00 AM","1,760,346,000","3.58441949",,"3.48183155","1.04630423",
"2025 Oct 13 04:54:00 AM","1,760,345,640","3.63710117",,"3.53103042","1.04995632",
"2025 Oct 13 04:48:00 AM","1,760,345,280","3.70436788",,"3.597645","1.06639111",
"2025 Oct 13 04:42:00 AM","1,760,344,920","3.74660039",,"3.663388","1.02937472",
"2025 Oct 13 04:36:00 AM","1,760,344,560","3.78513241",,"3.73065448","1.01119",
"2025 Oct 13 04:30:00 AM","1,760,344,200","3.81626248",,"3.78224754","1.00913572",
"2025 Oct 13 04:24:00 AM","1,760,343,840","3.851094",,"3.83035922","1.00628233",
"2025 Oct 13 04:18:00 AM","1,760,343,480","3.87656426",,"3.87999344","1.00586379",
"2025 Oct 13 04:12:00 AM","1,760,343,120","3.90421081",,"3.911558","1.00491285",
"2025 Oct 13 04:06:00 AM","1,760,342,760","3.92576218",,"3.94551778","1.004152",
"2025 Oct 13 04:00:00 AM","1,760,342,400","3.95297313",,"3.96902919","1.00278246",
"2025 Oct 13 03:54:00 AM","1,760,342,040","3.96734142",,"3.98209071","1.00194538",
"2025 Oct 13 03:48:00 AM","1,760,341,680","3.99455285",,"3.98644423","1.00217378",
"2025 Oct 13 03:42:00 AM","1,760,341,320","4.00217247",,"3.9958055","1.0003475",
"2025 Oct 13 03:36:00 AM","1,760,340,960","4.010445",,"4.008433","0.9995487",
"2025 Oct 13 03:30:00 AM","1,760,340,600","4.023289",,"3.99036217","0.9985976",
"2025 Oct 13 03:24:00 AM","1,760,340,240","4.037439",,"3.9827435","0.997189939",
"2025 Oct 13 03:18:00 AM","1,760,339,880","4.058992",,"3.97555947","0.9956681",
"2025 Oct 13 03:12:00 AM","1,760,339,520","4.066175",,"3.98317885","0.9928911",
"2025 Oct 13 03:06:00 AM","1,760,339,160","4.051372",,"3.95662045","0.9917118",
"2025 Oct 13 03:00:00 AM","1,760,338,800","4.080325",,"3.92919087","0.9909889",
"2025 Oct 13 02:54:00 AM","1,760,338,440","4.093822",,"3.94247055","0.9883261",
"2025 Oct 13 02:48:00 AM","1,760,338,080","4.092298",,"3.976866","0.9884402",
"2025 Oct 13 02:42:00 AM","1,760,337,720","4.10057",,"3.97360015","0.988478",
"2025 Oct 13 02:36:00 AM","1,760,337,360","4.11297846",,"3.98100185","0.9868042",
"2025 Oct 13 02:30:00 AM","1,760,337,000","4.113196",,"3.99145055","0.9836466",
"2025 Oct 13 02:24:00 AM","1,760,336,640","4.130394",,"4.008868","0.982961655",
"2025 Oct 13 02:18:00 AM","1,760,336,280","4.129741",,"4.037603","0.97896713",
"2025 Oct 13 02:12:00 AM","1,760,335,920","4.124081",,"4.06895065","0.9798041",
"2025 Oct 13 02:06:00 AM","1,760,335,560","4.092516",,"4.06960344","0.977445543",
"2025 Oct 13 02:00:00 AM","1,760,335,200","4.084026",,"4.06481457","0.9785487",
"2025 Oct 13 01:54:00 AM","1,760,334,840","4.0561614",,"4.05937243","0.9775975",
"2025 Oct 13 01:48:00 AM","1,760,334,480","4.01458168",,"4.03542662","0.9767606",
"2025 Oct 13 01:42:00 AM","1,760,334,120","3.96037555",,"3.99493432","0.9760378",
"2025 Oct 13 01:36:00 AM","1,760,333,760","3.91879654",,"3.949872","0.975315034",
"2025 Oct 13 01:30:00 AM","1,760,333,400","3.87656426",,"3.92483783","0.974972546",
"2025 Oct 13 01:24:00 AM","1,760,333,040","3.823664",,"3.89305472","0.9714727",
"2025 Oct 13 01:18:00 AM","1,760,332,680","3.755744",,"3.84320283","0.9702932",
"2025 Oct 13 01:12:00 AM","1,760,332,320","3.71024513",,"3.77854729","0.9696846",
"2025 Oct 13 01:06:00 AM","1,760,331,960","3.66605449",,"3.72869563","0.9671357",
"2025 Oct 13 01:00:00 AM","1,760,331,600","3.61837959",,"3.68341541","0.9648532",
"2025 Oct 13 12:54:00 AM","1,760,331,240","3.58180737",,"3.62616253","0.963864",
"2025 Oct 13 12:48:00 AM","1,760,330,880","3.55241871",,"3.58393025","0.9644727",
"2025 Oct 13 12:42:00 AM","1,760,330,520","3.513016",,"3.54779339","0.9628747",
"2025 Oct 13 12:36:00 AM","1,760,330,160","3.4618578",,"3.50621319","0.961315",
"2025 Oct 13 12:30:00 AM","1,760,329,800","3.44531322",,"3.455926","0.960173666",
"2025 Oct 13 12:24:00 AM","1,760,329,440","3.41244125",,"3.42871475","0.958880246",
"2025 Oct 13 12:18:00 AM","1,760,329,080","3.373257",,"3.37320328","0.958157361",
"2025 Oct 13 12:12:00 AM","1,760,328,720","3.334507",,"3.33532453","0.9530215",
"2025 Oct 13 12:06:00 AM","1,760,328,360","3.30794978",,"3.30201745","0.9543149",
"2025 Oct 13 12:00:00 AM","1,760,328,000","3.27943134",,"3.259567","0.953402",
"2025 Oct 12 11:54:00 PM","1,760,327,640","3.262452",,"3.22386479","0.952869236",
"2025 Oct 12 11:48:00 PM","1,760,327,280","3.247866",,"3.222559","0.950548649",
"2025 Oct 12 11:42:00 PM","1,760,326,920","3.2186954",,"3.181633","0.9520324",
"2025 Oct 12 11:36:00 PM","1,760,326,560","3.200844",,"3.19796","0.950472534",
"2025 Oct 12 11:30:00 PM","1,760,326,200","3.17058468",,"3.17401385","0.948570549",
"2025 Oct 12 11:24:00 PM","1,760,325,840","3.162748",,"3.177497","0.9487607",
"2025 Oct 12 11:18:00 PM","1,760,325,480","3.12878823",,"3.16116977","0.9471629",
"2025 Oct 12 11:12:00 PM","1,760,325,120","3.10549474",,"3.12742782","0.945945442",
"2025 Oct 12 11:06:00 PM","1,760,324,760","3.076977",,"3.12307382","0.9444998",
"2025 Oct 12 11:00:00 PM","1,760,324,400","3.046936",,"3.096733","0.9460216",
"2025 Oct 12 10:54:00 PM","1,760,324,040","3.0371387",,"3.07735825","0.944195449",
"2025 Oct 12 10:48:00 PM","1,760,323,680","3.01558685",,"3.07082772","0.9407336",
"2025 Oct 12 10:42:00 PM","1,760,323,320","2.995559",,"3.06669164","0.940086663",
"2025 Oct 12 10:36:00 PM","1,760,322,960","2.969001",,"3.048405","0.9393638",
"2025 Oct 12 10:30:00 PM","1,760,322,600","2.93808842",,"3.03186","0.9363205",
"2025 Oct 12 10:24:00 PM","1,760,322,240","2.91087723",,"2.9861443","0.9386411",
"2025 Oct 12 10:18:00 PM","1,760,321,880","2.88214135",,"2.96132755","0.936054051",
"2025 Oct 12 10:12:00 PM","1,760,321,520","2.87386823",,"2.93520451","0.934760749",
"2025 Oct 12 10:06:00 PM","1,760,321,160","2.86690259",,"2.92279625","0.9349508",
"2025 Oct 12 10:00:00 PM","1,760,320,800","2.83403134",,"2.88687634","0.933162868",
"2025 Oct 12 09:54:00 PM","1,760,320,440","2.82271171",,"2.84878063","0.933276832",
"2025 Oct 12 09:48:00 PM","1,760,320,080","2.80181313",,"2.81743264","0.934075832",
"2025 Oct 12 09:42:00 PM","1,760,319,720","2.77721334",,"2.81090164","0.9312987",
"2025 Oct 12 09:36:00 PM","1,760,319,360","2.75696754",,"2.78456116","0.931565",
"2025 Oct 12 09:30:00 PM","1,760,319,000","2.76719928",,"2.77280545","0.9327443",
"2025 Oct 12 09:24:00 PM","1,760,318,640","2.76110339",,"2.79043865","0.929282367",
"2025 Oct 12 09:18:00 PM","1,760,318,280","2.76632857",,"2.78521371","0.927380264",
"2025 Oct 12 09:12:00 PM","1,760,317,920","2.78548551",,"2.79544568","0.9287117",
"2025 Oct 12 09:06:00 PM","1,760,317,560","2.78787923",,"2.82178664","0.9265812",
"2025 Oct 12 09:00:00 PM","1,760,317,200","2.808344",,"2.806113","0.92566824",
"2025 Oct 12 08:54:00 PM","1,760,316,840","2.82445335",,"2.83724284","0.9251356",
"2025 Oct 12 08:48:00 PM","1,760,316,480","2.82880688",,"2.85095763","0.928521633",
"2025 Oct 12 08:42:00 PM","1,760,316,120","2.83620834",,"2.8857882","0.9284835",
"2025 Oct 12 08:36:00 PM","1,760,315,760","2.85405946",,"2.880346","0.926315",
"2025 Oct 12 08:30:00 PM","1,760,315,400","2.86886215",,"2.89950275","0.9304237",
"2025 Oct 12 08:24:00 PM","1,760,315,040","2.87517476",,"2.89776134","0.9304617",
"2025 Oct 12 08:18:00 PM","1,760,314,680","2.904564",,"2.90777516","0.9283312",
"2025 Oct 12 08:12:00 PM","1,760,314,320","2.918496",,"2.96089244","0.92719",
"2025 Oct 12 08:06:00 PM","1,760,313,960","2.953762",,"2.963069","0.9332769",
"2025 Oct 12 08:00:00 PM","1,760,313,600","2.9922936",,"3.00834942","0.9347987",
"2025 Oct 12 07:54:00 PM","1,760,313,240","3.012757",,"3.069957","0.9351411",
"2025 Oct 12 07:48:00 PM","1,760,312,880","3.04410458",,"3.085413","0.9361302",
"2025 Oct 12 07:42:00 PM","1,760,312,520","3.08481383",,"3.09912777","0.9371193",
"2025 Oct 12 07:36:00 PM","1,760,312,160","3.11616135",,"3.115237","0.942293346",
"2025 Oct 12 07:30:00 PM","1,760,311,800","3.15621662",,"3.135047","0.955304146",
"2025 Oct 12 07:24:00 PM","1,760,311,440","3.200627",,"3.182286","0.9028041",
"2025 Oct 12 07:18:00 PM","1,760,311,080","3.236763",,"3.222559","0.8993041",
"2025 Oct 12 07:12:00 PM","1,760,310,720","3.27137661",,"3.26370335","0.8967171",
"2025 Oct 12 07:06:00 PM","1,760,310,360","3.327324",,"3.30462956","0.8932933",
"2025 Oct 12 07:00:00 PM","1,760,310,000","3.36955643",,"3.34882164","0.8927606",
"2025 Oct 12 06:54:00 PM","1,760,309,640","3.41549039",,"3.37146163","0.890706241",
"2025 Oct 12 06:48:00 PM","1,760,309,280","3.48928761",,"3.41761279","0.887396634",
"2025 Oct 12 06:42:00 PM","1,760,308,920","3.54980588",,"3.505778","0.8882715",
"2025 Oct 12 06:36:00 PM","1,760,308,560","3.612067",,"3.565861","0.8845053",
"2025 Oct 12 06:30:00 PM","1,760,308,200","3.66757846",,"3.64553714","0.8824509",
"2025 Oct 12 06:24:00 PM","1,760,307,840","3.72875023",,"3.706273","0.881804049",
"2025 Oct 12 06:18:00 PM","1,760,307,480","3.78600335",,"3.75851917","0.8794074",
"2025 Oct 12 06:12:00 PM","1,760,307,120","3.83585572",,"3.80750084","0.879255235",
"2025 Oct 12 06:06:00 PM","1,760,306,760","3.89811587",,"3.849951","0.8767824",
"2025 Oct 12 06:00:00 PM","1,760,306,400","3.95754457",,"3.90959859","0.874537945",
"2025 Oct 12 05:54:00 PM","1,760,306,040","4.004131",,"3.94856548","0.874385655",
"2025 Oct 12 05:48:00 PM","1,760,305,680","4.067916",,"3.99624062","0.875146568",
"2025 Oct 12 05:42:00 PM","1,760,305,320","4.1160264",,"4.040651","0.873510659",
"2025 Oct 12 05:36:00 PM","1,760,304,960","4.165878",,"4.081577","0.8718748",
"2025 Oct 12 05:30:00 PM","1,760,304,600","4.217253",,"4.13055754","0.8691737",
"2025 Oct 12 05:24:00 PM","1,760,304,240","4.270807",,"4.174314","0.866853058",
"2025 Oct 12 05:18:00 PM","1,760,303,880","4.324141",,"4.216764","0.866739",
"2025 Oct 12 05:12:00 PM","1,760,303,520","4.37899876",,"4.2539897","0.8652172",
"2025 Oct 12 05:06:00 PM","1,760,303,160","4.43081045",,"4.30623627","0.8652933",
"2025 Oct 12 05:00:00 PM","1,760,302,800","4.46934175",,"4.36588335","0.8624401",
"2025 Oct 12 04:54:00 PM","1,760,302,440","4.541181",,"4.39810228","0.8616411",
"2025 Oct 12 04:48:00 PM","1,760,302,080","4.59538651",,"4.45579052","0.8561249",
"2025 Oct 12 04:42:00 PM","1,760,301,720","4.63848925",,"4.51631","0.857912838",
"2025 Oct 12 04:36:00 PM","1,760,301,360","4.67549753",,"4.55701876","0.8538802",
"2025 Oct 12 04:30:00 PM","1,760,301,000","4.719689",,"4.612095","0.852777",
"2025 Oct 12 04:24:00 PM","1,760,300,640","4.759092",,"4.63887072","0.853842258",
"2025 Oct 12 04:18:00 PM","1,760,300,280","4.7961",,"4.67587852","0.8497715",
"2025 Oct 12 04:12:00 PM","1,760,299,920","4.827665",,"4.71288729","0.8490488",
"2025 Oct 12 04:06:00 PM","1,760,299,560","4.842033",,"4.73617935","0.84893465",
"2025 Oct 12 04:00:00 PM","1,760,299,200","4.859667",,"4.758167","0.842619359",
"2025 Oct 12 03:54:00 PM","1,760,298,840","4.88339424",,"4.76905155","0.8433421",
"2025 Oct 12 03:48:00 PM","1,760,298,480","4.91191244",,"4.790603","0.8404889",
"2025 Oct 12 03:42:00 PM","1,760,298,120","4.92693329",,"4.82891655","0.841592133",
"2025 Oct 12 03:36:00 PM","1,760,297,760","4.939777",,"4.84938049","0.836798668",
"2025 Oct 12 03:30:00 PM","1,760,297,400","4.95240259",,"4.8593936","0.8342498",
"2025 Oct 12 03:24:00 PM","1,760,297,040","4.971342",,"4.86875439","0.834592164",
"2025 Oct 12 03:18:00 PM","1,760,296,680","5.000077",,"4.88573456","0.832613945",
"2025 Oct 12 03:12:00 PM","1,760,296,320","4.99985933",,"4.904238","0.8312064",
"2025 Oct 12 03:06:00 PM","1,760,295,960","4.99942446",,"4.91425276","0.830787838",
"2025 Oct 12 03:00:00 PM","1,760,295,600","5.00073051",,"4.925137","0.8254997",
"2025 Oct 12 02:54:00 PM","1,760,295,240","4.99833632",,"4.937981","0.8248911",
"2025 Oct 12 02:48:00 PM","1,760,294,880","4.98832226",,"4.91925955","0.824776947",
"2025 Oct 12 02:42:00 PM","1,760,294,520","4.987234",,"4.91925955","0.822151959",
"2025 Oct 12 02:36:00 PM","1,760,294,160","4.97787333",,"4.91947746","0.820287764",
"2025 Oct 12 02:30:00 PM","1,760,293,800","4.983751",,"4.917736","0.819032431",
"2025 Oct 12 02:24:00 PM","1,760,293,440","4.9774375",,"4.94255257","0.8170921",
"2025 Oct 12 02:18:00 PM","1,760,293,080","4.97547865",,"4.918824","0.8142009",
"2025 Oct 12 02:12:00 PM","1,760,292,720","4.96415758",,"4.908157","0.812565",
"2025 Oct 12 02:06:00 PM","1,760,292,360","4.95523262",,"4.8911767","0.8092552",
"2025 Oct 12 02:00:00 PM","1,760,292,000","4.929545",,"4.87528563","0.807733536",
"2025 Oct 12 01:54:00 PM","1,760,291,640","4.92279625",,"4.85482264","0.807277",
"2025 Oct 12 01:48:00 PM","1,760,291,280","4.89210272",,"4.82957029","0.8059456",
"2025 Oct 12 01:42:00 PM","1,760,290,920","4.87686348",,"4.79974651","0.8027878",
"2025 Oct 12 01:36:00 PM","1,760,290,560","4.84682226",,"4.77906561","0.7985651",
"2025 Oct 12 01:30:00 PM","1,760,290,200","4.82984257",,"4.74249268","0.796929061",
"2025 Oct 12 01:24:00 PM","1,760,289,840","4.793705",,"4.70896769","0.795825958",
"2025 Oct 12 01:18:00 PM","1,760,289,480","4.75778532",,"4.6750083","0.797423661",
"2025 Oct 12 01:12:00 PM","1,760,289,120","4.71794748",,"4.64649","0.793619335",
"2025 Oct 12 01:06:00 PM","1,760,288,760","4.676368",,"4.59946871","0.793238938",
"2025 Oct 12 01:00:00 PM","1,760,288,400","4.62695265",,"4.556583","0.791527033",
"2025 Oct 12 12:54:00 PM","1,760,288,040","4.57514143",,"4.51260948","0.790195465",
"2025 Oct 12 12:48:00 PM","1,760,287,680","4.514405",,"4.448171","0.7867715",
"2025 Oct 12 12:42:00 PM","1,760,287,320","4.45998049",,"4.406592","0.788369358",
"2025 Oct 12 12:36:00 PM","1,760,286,960","4.38596535",,"4.34650946","0.788064957",
"2025 Oct 12 12:30:00 PM","1,760,286,600","4.32174635",,"4.28795052","0.791451",
"2025 Oct 12 12:24:00 PM","1,760,286,240","4.24250555",,"4.21894073","0.7933531",
"2025 Oct 12 12:18:00 PM","1,760,285,880","4.166531",,"4.14949656","0.7925922",
"2025 Oct 12 12:12:00 PM","1,760,285,520","4.08315563",,"4.068298","0.790956259",
"2025 Oct 12 12:06:00 PM","1,760,285,160","3.99368215",,"3.988404","0.7934672",
"2025 Oct 12 12:00:00 PM","1,760,284,800","3.91052437",,"3.9030683","0.7956357",
"2025 Oct 12 11:54:00 AM","1,760,284,440","3.8140862",,"3.82426333","0.8009998",
"2025 Oct 12 11:48:00 AM","1,760,284,080","3.71024585",,"3.736097","0.810739",
"2025 Oct 12 11:42:00 AM","1,760,283,720","3.61555028",,"3.637483","0.764744341",
"2025 Oct 12 11:36:00 AM","1,760,283,360","3.537615",,"3.529506","0.7597988",
"2025 Oct 12 11:30:00 AM","1,760,283,000","3.4483614",,"3.451355","0.757440031",
"2025 Oct 12 11:24:00 AM","1,760,282,640","3.3519237",,"3.35491729","0.754624844",
"2025 Oct 12 11:18:00 AM","1,760,282,280","3.25287247",,"3.24650478","0.7517715",
"2025 Oct 12 11:12:00 AM","1,760,281,920","3.18887138",,"3.185769","0.747815132",
"2025 Oct 12 11:06:00 AM","1,760,281,560","3.0950458",,"3.09608","0.74770087",
"2025 Oct 12 11:00:00 AM","1,760,281,200","3.01362777",,"2.99811745","0.7474726",
"2025 Oct 12 10:54:00 AM","1,760,280,840","2.93765283",,"2.92823815","0.7419944",
"2025 Oct 12 10:48:00 AM","1,760,280,480","2.85101223",,"2.850522","0.738152",
"2025 Oct 12 10:42:00 AM","1,760,280,120","2.77177048",,"2.77215219","0.738152",
"2025 Oct 12 10:36:00 AM","1,760,279,760","2.7045033",,"2.7083683","0.735564947",
"2025 Oct 12 10:30:00 AM","1,760,279,400","2.640285",,"2.60822964","0.7340052",
"2025 Oct 12 10:24:00 AM","1,760,279,040","2.56561542",,"2.5770998","0.728298664",
"2025 Oct 12 10:18:00 AM","1,760,278,680","2.48310947",,"2.52833557","0.727994263",
"2025 Oct 12 10:12:00 AM","1,760,278,320","2.42433333",,"2.43734026","0.7270052",
"2025 Oct 12 10:06:00 AM","1,760,277,960","2.38079381",,"2.40272713","0.7260542",
"2025 Oct 12 10:00:00 AM","1,760,277,600","2.31505",,"2.321963","0.72594",
"2025 Oct 12 09:54:00 AM","1,760,277,240","2.24843669",,"2.266233","0.723809659",
"2025 Oct 12 09:48:00 AM","1,760,276,880","2.19553757",,"2.20331979","0.7236194",
"2025 Oct 12 09:42:00 AM","1,760,276,520","2.13632512",,"2.14127755","0.726130247",
"2025 Oct 12 09:36:00 AM","1,760,276,160","2.07558727",,"2.09360266","0.7234292",
"2025 Oct 12 09:30:00 AM","1,760,275,800","2.01920581",,"2.03700185","0.7241519",
"2025 Oct 12 09:24:00 AM","1,760,275,440","1.95302713",,"1.98279667","0.7259021",
"2025 Oct 12 09:18:00 AM","1,760,275,080","1.8848896",,"1.93882275","0.724646568",
"2025 Oct 12 09:12:00 AM","1,760,274,720","1.83634329",,"1.85479307","0.724190056",
"2025 Oct 12 09:06:00 AM","1,760,274,360","1.79694045",,"1.81081951","0.7274998",
"2025 Oct 12 09:00:00 AM","1,760,274,000","1.76406908",,"1.77881825","0.732597649",
"2025 Oct 12 08:54:00 AM","1,760,273,640","1.73337424",,"1.751824","0.737885654",
"2025 Oct 12 08:48:00 AM","1,760,273,280","1.6954962",,"1.71590483","0.6913583",
"2025 Oct 12 08:42:00 AM","1,760,272,920","1.65761793",,"1.67323732","0.6852334",
"2025 Oct 12 08:36:00 AM","1,760,272,560","1.621481",,"1.63622952","0.6841302",
"2025 Oct 12 08:30:00 AM","1,760,272,200","1.59840524",,"1.62599838","0.681467235",
"2025 Oct 12 08:24:00 AM","1,760,271,840","1.56509733",,"1.60814726","0.681124747",
"2025 Oct 12 08:18:00 AM","1,760,271,480","1.53070164",,"1.58485425","0.6754184",
"2025 Oct 12 08:12:00 AM","1,760,271,120","1.50066",,"1.57201","0.6736682",
"2025 Oct 12 08:06:00 AM","1,760,270,760","1.46974814",,"1.54675758","0.6703205",
"2025 Oct 12 08:00:00 AM","1,760,270,400","1.45080912",,"1.52607644","0.669179142",
"2025 Oct 12 07:54:00 AM","1,760,270,040","1.42991066",,"1.49864709","0.665983438",
"2025 Oct 12 07:48:00 AM","1,760,269,680","1.41489029",,"1.509532","0.6639672",
"2025 Oct 12 07:42:00 AM","1,760,269,320","1.41031742",,"1.497341","0.6591358",
"2025 Oct 12 07:36:00 AM","1,760,268,960","1.408794",,"1.48602092","0.6578802",
"2025 Oct 12 07:30:00 AM","1,760,268,600","1.38375986",,"1.46577609","0.655825853",
"2025 Oct 12 07:24:00 AM","1,760,268,240","1.36699688",,"1.43355739","0.654152036",
"2025 Oct 12 07:18:00 AM","1,760,267,880","1.36177349",,"1.43312168","0.65278244",
"2025 Oct 12 07:12:00 AM","1,760,267,520","1.35567713",,"1.435081","0.648902",
"2025 Oct 12 07:06:00 AM","1,760,267,160","1.35741985",,"1.41331148","0.6466194",
"2025 Oct 12 07:00:00 AM","1,760,266,800","1.36394882",,"1.42158413","0.6436139",
"2025 Oct 12 06:54:00 AM","1,760,266,440","1.36895657",,"1.41614187","0.642472565",
"2025 Oct 12 06:48:00 AM","1,760,266,080","1.38288915",,"1.45031965","0.640380263",
"2025 Oct 12 06:42:00 AM","1,760,265,720","1.40857637",,"1.4516257","0.6385922",
"2025 Oct 12 06:36:00 AM","1,760,265,360","1.44710815",,"1.46599329","0.6351303",
"2025 Oct 12 06:30:00 AM","1,760,265,000","1.48868716",,"1.50321865","0.6328095",
"2025 Oct 12 06:24:00 AM","1,760,264,640","1.51807606",,"1.53674352","0.630907357",
"2025 Oct 12 06:18:00 AM","1,760,264,280","1.55965531",,"1.57222736","0.630412936",
"2025 Oct 12 06:12:00 AM","1,760,263,920","1.58882654",,"1.59878623","0.6280541",
"2025 Oct 12 06:06:00 AM","1,760,263,560","1.63454211",,"1.62360334","0.6274074",
"2025 Oct 12 06:00:00 AM","1,760,263,200","1.67133236",,"1.66344118","0.6247064",
"2025 Oct 12 05:54:00 AM","1,760,262,840","1.70115626",,"1.69892538","0.6213965",
"2025 Oct 12 05:48:00 AM","1,760,262,480","1.75035489",,"1.71111584","0.6161085",
"2025 Oct 12 05:42:00 AM","1,760,262,120","1.79846478",,"1.74246347","0.6155378",
"2025 Oct 12 05:36:00 AM","1,760,261,760","1.84222066",,"1.79231489","0.613103",
"2025 Oct 12 05:30:00 AM","1,760,261,400","1.87966573",,"1.83694267","0.612075865",
"2025 Oct 12 05:24:00 AM","1,760,261,040","1.91993773",,"1.86306608","0.6086902",
"2025 Oct 12 05:18:00 AM","1,760,260,680","1.97653806",,"1.91792452","0.607092261",
"2025 Oct 12 05:12:00 AM","1,760,260,320","2.01637554",,"1.99564075","0.6047334",
"2025 Oct 12 05:06:00 AM","1,760,259,960","2.05425429",,"2.0409205","0.6011956",
"2025 Oct 12 05:00:00 AM","1,760,259,600","2.11107254",,"2.08968472","0.5995596",
"2025 Oct 12 04:54:00 AM","1,760,259,240","2.15482879",,"2.1288693","0.5976193",
"2025 Oct 12 04:48:00 AM","1,760,258,880","2.202503",,"2.18721056","0.59575516",
"2025 Oct 12 04:42:00 AM","1,760,258,520","2.244735",,"2.23031378","0.5916845",
"2025 Oct 12 04:36:00 AM","1,760,258,160","2.28587914",,"2.2910502","0.5916085",
"2025 Oct 12 04:30:00 AM","1,760,257,800","2.32397556",,"2.344603","0.588070452",
"2025 Oct 12 04:24:00 AM","1,760,257,440","2.339433",,"2.38313484","0.5871194",
"2025 Oct 12 04:18:00 AM","1,760,257,080","2.37208629",,"2.428415","0.5852552",
"2025 Oct 12 04:12:00 AM","1,760,256,720","2.402346",,"2.45323181","0.5824781",
"2025 Oct 12 04:06:00 AM","1,760,256,360","2.42607427",,"2.465858","0.5823259",
"2025 Oct 12 04:00:00 AM","1,760,256,000","2.460687",,"2.49524641","0.578255236",
"2025 Oct 12 03:54:00 AM","1,760,255,640","2.49660587",,"2.51745057","0.576276958",
"2025 Oct 12 03:48:00 AM","1,760,255,280","2.539274",,"2.539656","0.5734617",
"2025 Oct 12 03:42:00 AM","1,760,254,920","2.58063579",,"2.58232427","0.5711791",
"2025 Oct 12 03:36:00 AM","1,760,254,560","2.62199855",,"2.61541343","0.5708368",
"2025 Oct 12 03:30:00 AM","1,760,254,200","2.65813518",,"2.6378355","0.5668803",
"2025 Oct 12 03:24:00 AM","1,760,253,840","2.676857",,"2.64784956","0.563760638",
"2025 Oct 12 03:18:00 AM","1,760,253,480","2.70580935",,"2.67070746","0.5624672",
"2025 Oct 12 03:12:00 AM","1,760,253,120","2.74651837",,"2.692694","0.559309542",
"2025 Oct 12 03:06:00 AM","1,760,252,760","2.782655",,"2.71707559","0.5578639",
"2025 Oct 12 03:00:00 AM","1,760,252,400","2.82118773",,"2.74406981","0.556380153",
"2025 Oct 12 02:54:00 AM","1,760,252,040","2.86799121",,"2.77694154","0.5524236",
"2025 Oct 12 02:48:00 AM","1,760,251,680","2.91523051",,"2.83811355","0.5467552",
"2025 Oct 12 02:42:00 AM","1,760,251,320","2.95876956",,"2.89210129","0.5454618",
"2025 Oct 12 02:36:00 AM","1,760,250,960","2.9975183",,"2.93085074","0.5416572",
"2025 Oct 12 02:30:00 AM","1,760,250,600","3.03583264",,"2.94652438","0.53933686",
"2025 Oct 12 02:24:00 AM","1,760,250,240","3.06065059",,"2.963069","0.536026955",
"2025 Oct 12 02:18:00 AM","1,760,249,880","3.083072",,"2.97525954","0.5331737",
"2025 Oct 12 02:12:00 AM","1,760,249,520","3.090039",,"2.99354577","0.5318042",
"2025 Oct 12 02:06:00 AM","1,760,249,160","3.09025645",,"3.005519","0.5312335",
"2025 Oct 12 02:00:00 AM","1,760,248,800","3.08873272",,"3.00203586","0.528570354",
"2025 Oct 12 01:54:00 AM","1,760,248,440","3.0863378",,"2.99659348","0.527657449",
"2025 Oct 12 01:48:00 AM","1,760,248,080","3.0978756",,"2.992675","0.524043262",
"2025 Oct 12 01:42:00 AM","1,760,247,720","3.11180782",,"3.00355983","0.5230922",
"2025 Oct 12 01:36:00 AM","1,760,247,360","3.11354947",,"3.02511144","0.5192497",
"2025 Oct 12 01:30:00 AM","1,760,247,000","3.119427",,"3.02685285","0.5174237",
"2025 Oct 12 01:24:00 AM","1,760,246,640","3.11833835",,"3.038391","0.5164346",
"2025 Oct 12 01:18:00 AM","1,760,246,280","3.08328986",,"3.03360152","0.5153314",
"2025 Oct 12 01:12:00 AM","1,760,245,920","3.059127",,"3.01901555","0.5136574",
"2025 Oct 12 01:06:00 AM","1,760,245,560","3.03735614",,"2.98788571","0.51301074",
"2025 Oct 12 01:00:00 AM","1,760,245,200","2.99686551",,"2.97395325","0.509815037",
"2025 Oct 12 12:54:00 AM","1,760,244,840","2.950714",,"2.936946","0.5075325",
"2025 Oct 12 12:48:00 AM","1,760,244,480","2.9130528",,"2.88208747","0.50456506",
"2025 Oct 12 12:42:00 AM","1,760,244,120","2.86363769",,"2.83441329","0.503575861",
"2025 Oct 12 12:36:00 AM","1,760,243,760","2.79158139",,"2.80067039","0.501825869",
"2025 Oct 12 12:30:00 AM","1,760,243,400","2.74368834",,"2.724477","0.5006464",
"2025 Oct 12 12:24:00 AM","1,760,243,040","2.694272",,"2.69421768","0.499657422",
"2025 Oct 12 12:18:00 AM","1,760,242,680","2.625264",,"2.64850259","0.497488856",
"2025 Oct 12 12:12:00 AM","1,760,242,320","2.57889438",,"2.57231021","0.49547255",
"2025 Oct 12 12:06:00 AM","1,760,241,960","2.51184487",,"2.51026726","0.492657453",
"2025 Oct 12 12:00:00 AM","1,760,241,600","2.454156",,"2.4582386","0.489804238",
"2025 Oct 11 11:54:00 PM","1,760,241,240","2.38166547",,"2.40512133","0.487978071",
"2025 Oct 11 11:48:00 PM","1,760,240,880","2.32571673",,"2.350263","0.487749845",
"2025 Oct 11 11:42:00 PM","1,760,240,520","2.27455926",,"2.29453325","0.4870269",
"2025 Oct 11 11:36:00 PM","1,760,240,160","2.20293832",,"2.227266","0.486608416",
"2025 Oct 11 11:30:00 PM","1,760,239,800","2.14438",,"2.15956378","0.484592229",
"2025 Oct 11 11:24:00 PM","1,760,239,440","2.07384658",,"2.08228254","0.479988933",
"2025 Oct 11 11:18:00 PM","1,760,239,080","1.99242938",,"2.00543666","0.4787716",
"2025 Oct 11 11:12:00 PM","1,760,238,720","1.931476",,"1.9214077","0.4775922",
"2025 Oct 11 11:06:00 PM","1,760,238,360","1.86725557",,"1.86720228","0.477782339",
"2025 Oct 11 11:00:00 PM","1,760,238,000","1.80456018",,"1.81016588","0.475461841",
"2025 Oct 11 10:54:00 PM","1,760,237,640","1.74730682",,"1.75443661","0.472570539",
"2025 Oct 11 10:48:00 PM","1,760,237,280","1.70267963",,"1.7065444","0.472456336",
"2025 Oct 11 10:42:00 PM","1,760,236,920","1.64651549",,"1.65277421","0.47394",
"2025 Oct 11 10:36:00 PM","1,760,236,560","1.578159",,"1.59290874","0.470592231",
"2025 Oct 11 10:30:00 PM","1,760,236,200","1.5426755",,"1.52629411","0.466597676",
"2025 Oct 11 10:24:00 PM","1,760,235,840","1.49412966",,"1.48079622","0.464695364",
"2025 Oct 11 10:18:00 PM","1,760,235,480","1.43731225",,"1.43965244","0.465608567",
"2025 Oct 11 10:12:00 PM","1,760,235,120","1.37352884",,"1.37739277","0.4634781",
"2025 Oct 11 10:06:00 PM","1,760,234,760","1.31714451",,"1.33276522","0.460244417",
"2025 Oct 11 10:00:00 PM","1,760,234,400","1.24966037",,"1.27551174","0.460815072",
"2025 Oct 11 09:54:00 PM","1,760,234,040","1.20285642",,"1.21063912","0.4597497",
"2025 Oct 11 09:48:00 PM","1,760,233,680","1.15844691",,"1.177115","0.4614618",
"2025 Oct 11 09:42:00 PM","1,760,233,320","1.098581",,"1.12116766","0.459521532",
"2025 Oct 11 09:36:00 PM","1,760,232,960","1.05308318",,"1.04693353","0.45792374",
"2025 Oct 11 09:30:00 PM","1,760,232,600","1.01868784",,"0.999694347","0.458570361",
"2025 Oct 11 09:24:00 PM","1,760,232,240","0.9834208",,"0.9374344","0.457467228",
"2025 Oct 11 09:18:00 PM","1,760,231,880","0.9366178",,"0.9063046","0.458722681",
"2025 Oct 11 09:12:00 PM","1,760,231,520","0.88611275",,"0.89955616","0.457847565",
"2025 Oct 11 09:06:00 PM","1,760,231,160","0.8443155",,"0.8564523","0.459141165",
"2025 Oct 11 09:00:00 PM","1,760,230,800","0.78815037",,"0.798545659","0.461423784",
"2025 Oct 11 08:54:00 PM","1,760,230,440","0.750054359",,"0.7373743","0.461652",
"2025 Oct 11 08:48:00 PM","1,760,230,080","0.7119584",,"0.70776844","0.464162916",
"2025 Oct 11 08:42:00 PM","1,760,229,720","0.6655894",,"0.6849106","0.466749758",
"2025 Oct 11 08:36:00 PM","1,760,229,360","0.6161726",,"0.6333173","0.469755322",
"2025 Oct 11 08:30:00 PM","1,760,229,000","0.573504865",,"0.6061052","0.472570419",
"2025 Oct 11 08:24:00 PM","1,760,228,640","0.5367148",,"0.556470752","0.474662781",
"2025 Oct 11 08:18:00 PM","1,760,228,280","0.520387948",,"0.548198462","0.4770216",
"2025 Oct 11 08:12:00 PM","1,760,227,920","0.486428261",,"0.543627143","0.481510669",
"2025 Oct 11 08:06:00 PM","1,760,227,560","0.449855179",,"0.5290417","0.4867227",
"2025 Oct 11 08:00:00 PM","1,760,227,200","0.4441955",,"0.5135856","0.488777",
"2025 Oct 11 07:54:00 PM","1,760,226,840","0.439406961",,"0.5177218","0.49368456",
"2025 Oct 11 07:48:00 PM","1,760,226,480","0.440059572",,"0.533613145","0.49969542",
"2025 Oct 11 07:42:00 PM","1,760,226,120","0.435488552",,"0.537967145","0.5046031",
"2025 Oct 11 07:36:00 PM","1,760,225,760","0.42503944",,"0.546239436","0.50798887",
"2025 Oct 11 07:30:00 PM","1,760,225,400","0.431569666",,"0.531001031","0.5149127",
"2025 Oct 11 07:24:00 PM","1,760,225,040","0.442889065",,"0.5401442","0.519401968",
"2025 Oct 11 07:18:00 PM","1,760,224,680","0.445501655",,"0.539926469","0.52586937",
"2025 Oct 11 07:12:00 PM","1,760,224,320","0.4474617",,"0.5464571","0.5304345",
"2025 Oct 11 07:06:00 PM","1,760,223,960","0.448767334",,"0.5534233","0.534581244",
"2025 Oct 11 07:00:00 PM","1,760,223,600","0.448984772",,"0.5527703","0.5408205",
"2025 Oct 11 06:54:00 PM","1,760,223,240","0.471190125",,"0.5488516","0.545728147",
"2025 Oct 11 06:48:00 PM","1,760,222,880","0.501667",,"0.5677911","0.5519292",
"2025 Oct 11 06:42:00 PM","1,760,222,520","0.532360852",,"0.590213537","0.556798637",
"2025 Oct 11 06:36:00 PM","1,760,222,160","0.5735049",,"0.638977349","0.5618585",
"2025 Oct 11 06:30:00 PM","1,760,221,800","0.619874239",,"0.680339038","0.567450941",
"2025 Oct 11 06:24:00 PM","1,760,221,440","0.674515665",,"0.728231251","0.5742226",
"2025 Oct 11 06:18:00 PM","1,760,221,080","0.735468566",,"0.7769944","0.58209765",
"2025 Oct 11 06:12:00 PM","1,760,220,720","0.782273352",,"0.8425196","0.58517915",
"2025 Oct 11 06:06:00 PM","1,760,220,360","0.861512661",,"0.9043451","0.5948422",
"2025 Oct 11 06:00:00 PM","1,760,220,000","0.920290649",,"0.970523536","0.602755249",
"2025 Oct 11 05:54:00 PM","1,760,219,640","0.9832035",,"1.02364051","0.618885636",
"2025 Oct 11 05:48:00 PM","1,760,219,280","1.04916477",,"1.08503115","0.570532441",
"2025 Oct 11 05:42:00 PM","1,760,218,920","1.12013221",,"1.15164447","0.5700379",
"2025 Oct 11 05:36:00 PM","1,760,218,560","1.19414842",,"1.22500682","0.5709508",
"2025 Oct 11 05:30:00 PM","1,760,218,200","1.247048",,"1.28378379","0.5720162",
"2025 Oct 11 05:24:00 PM","1,760,217,840","1.32432854",,"1.342997","0.571597636",
"2025 Oct 11 05:18:00 PM","1,760,217,480","1.40030479",,"1.40177381","0.571179032",
"2025 Oct 11 05:12:00 PM","1,760,217,120","1.46212924",,"1.480361","0.5717118",
"2025 Oct 11 05:06:00 PM","1,760,216,760","1.53527319",,"1.53957331","0.572016",
"2025 Oct 11 05:00:00 PM","1,760,216,400","1.61603844",,"1.60401118","0.5711031",
"2025 Oct 11 04:54:00 PM","1,760,216,040","1.68374074",,"1.67541409","0.5709129",
"2025 Oct 11 04:48:00 PM","1,760,215,680","1.76537549",,"1.73789215","0.569048762",
"2025 Oct 11 04:42:00 PM","1,760,215,320","1.83917379",,"1.8116895","0.5690107",
"2025 Oct 11 04:36:00 PM","1,760,214,960","1.9127537",,"1.89027774","0.567869365",
"2025 Oct 11 04:30:00 PM","1,760,214,600","2.005927",,"1.95558536","0.5662335",
"2025 Oct 11 04:24:00 PM","1,760,214,240","2.08081245",,"2.02960062","0.5670325",
"2025 Oct 11 04:18:00 PM","1,760,213,880","2.162012",,"2.116461","0.566043258",
"2025 Oct 11 04:12:00 PM","1,760,213,520","2.22819138",,"2.198966","0.5642934",
"2025 Oct 11 04:06:00 PM","1,760,213,160","2.2865324",,"2.25251865","0.5628476",
"2025 Oct 11 04:00:00 PM","1,760,212,800","2.3588078",,"2.31173086","0.5616302",
"2025 Oct 11 03:54:00 PM","1,760,212,440","2.4108355",,"2.36811423","0.560565054",
"2025 Oct 11 03:48:00 PM","1,760,212,080","2.47157216",,"2.43429232","0.561287761",
"2025 Oct 11 03:42:00 PM","1,760,211,720","2.53513718",,"2.4937222","0.5586628",
"2025 Oct 11 03:36:00 PM","1,760,211,360","2.58455467",,"2.549888","0.5579781",
"2025 Oct 11 03:30:00 PM","1,760,211,000","2.6413734",,"2.61323667","0.559081256",
"2025 Oct 11 03:24:00 PM","1,760,210,640","2.68839455",,"2.65851641","0.55755955",
"2025 Oct 11 03:18:00 PM","1,760,210,280","2.73563361",,"2.70749736","0.5567987",
"2025 Oct 11 03:12:00 PM","1,760,209,920","2.787009",,"2.75125313","0.5545922",
"2025 Oct 11 03:06:00 PM","1,760,209,560","2.83098316",,"2.80785441","0.5535269",
"2025 Oct 11 03:00:00 PM","1,760,209,200","2.872998",,"2.852046","0.5524238",
"2025 Oct 11 02:54:00 PM","1,760,208,840","2.91435933",,"2.89035988","0.5485434",
"2025 Oct 11 02:48:00 PM","1,760,208,480","2.95506835",,"2.92410183","0.5480107",
"2025 Oct 11 02:42:00 PM","1,760,208,120","2.997083",,"2.955014","0.5479727",
"2025 Oct 11 02:36:00 PM","1,760,207,760","3.03343749",,"2.99789977","0.545499861",
"2025 Oct 11 02:30:00 PM","1,760,207,400","3.0521605",,"3.020975","0.545119345",
"2025 Oct 11 02:24:00 PM","1,760,207,040","3.089386",,"3.04601026","0.543483436",
"2025 Oct 11 02:18:00 PM","1,760,206,680","3.12378049",,"3.07169843","0.542722642",
"2025 Oct 11 02:12:00 PM","1,760,206,320","3.15882969",,"3.10195732","0.5402878",
"2025 Oct 11 02:06:00 PM","1,760,205,960","3.170367",,"3.1198082","0.541619241",
"2025 Oct 11 02:00:00 PM","1,760,205,600","3.19997287",,"3.14636683","0.5408965",
"2025 Oct 11 01:54:00 PM","1,760,205,240","3.209551",,"3.150938","0.538651943",
"2025 Oct 11 01:48:00 PM","1,760,204,880","3.23806953",,"3.158775","0.5340107",
"2025 Oct 11 01:42:00 PM","1,760,204,520","3.24982452",,"3.17749715","0.5340107",
"2025 Oct 11 01:36:00 PM","1,760,204,160","3.26441026",,"3.18685746","0.532717168",
"2025 Oct 11 01:30:00 PM","1,760,203,800","3.282261",,"3.190776","0.5321085",
"2025 Oct 11 01:24:00 PM","1,760,203,440","3.28922653",,"3.196436","0.5301683",
"2025 Oct 11 01:18:00 PM","1,760,203,080","3.30272555",,"3.207321","0.5300923",
"2025 Oct 11 01:12:00 PM","1,760,202,720","3.32710671",,"3.22451782","0.5291411",
"2025 Oct 11 01:06:00 PM","1,760,202,360","3.329501",,"3.23540282","0.52780956",
"2025 Oct 11 01:00:00 PM","1,760,202,000","3.33298421",,"3.24084473","0.526439965",
"2025 Oct 11 12:54:00 PM","1,760,201,640","3.33146024",,"3.2488997","0.52309227",
"2025 Oct 11 12:48:00 PM","1,760,201,280","3.33124185",,"3.24694061","0.523739",
"2025 Oct 11 12:42:00 PM","1,760,200,920","3.31535077",,"3.23932171","0.521113932",
"2025 Oct 11 12:36:00 PM","1,760,200,560","3.29575753",,"3.230178","0.519896448",
"2025 Oct 11 12:30:00 PM","1,760,200,200","3.284438",,"3.21559334","0.518488944",
"2025 Oct 11 12:24:00 PM","1,760,199,840","3.25178337",,"3.183157","0.517347634",
"2025 Oct 11 12:18:00 PM","1,760,199,480","3.22391963",,"3.16987777","0.516244352",
"2025 Oct 11 12:12:00 PM","1,760,199,120","3.19148326",,"3.134394","0.5161683",
"2025 Oct 11 12:06:00 PM","1,760,198,760","3.15512872",,"3.10478783","0.5143802",
"2025 Oct 11 12:00:00 PM","1,760,198,400","3.10658383",,"3.06364346","0.5114129",
"2025 Oct 11 11:54:00 AM","1,760,198,040","3.043887",,"3.01487947","0.513239",
"2025 Oct 11 11:48:00 AM","1,760,197,680",,,,,
"2025 Oct 11 11:42:00 AM","1,760,197,320","2.95115018",,"2.92649674","0.5090161",
"2025 Oct 11 11:36:00 AM","1,760,196,960","2.87778759",,"2.86641383","0.50749433",
"2025 Oct 11 11:30:00 AM","1,760,196,600","2.81988144",,"2.80546","0.504489",
"2025 Oct 11 11:24:00 AM","1,760,196,240","2.74651885",,"2.73470855","0.504222631",
"2025 Oct 11 11:18:00 AM","1,760,195,880","2.66749573",,"2.6765852","0.504679263",
"2025 Oct 11 11:12:00 AM","1,760,195,520","2.58869076",,"2.60344028","0.502929151",
"2025 Oct 11 11:06:00 AM","1,760,195,160","2.50096",,"2.53007722","0.501864",
"2025 Oct 11 11:00:00 AM","1,760,194,800","2.42563987",,"2.44517756","0.5034998",
"2025 Oct 11 10:54:00 AM","1,760,194,440","2.34857631",,"2.35810018","0.5020161",
"2025 Oct 11 10:48:00 AM","1,760,194,080","2.24778271",,"2.27472281","0.5015215",
"2025 Oct 11 10:42:00 AM","1,760,193,720","2.16179442",,"2.18808174","0.499581248",
"2025 Oct 11 10:36:00 AM","1,760,193,360","2.079071",,"2.096433","0.49855414",
"2025 Oct 11 10:30:00 AM","1,760,193,000","1.99547672",,"2.01414442","0.499010772",
"2025 Oct 11 10:24:00 AM","1,760,192,640","1.91014159",,"1.93359816","0.4981357",
"2025 Oct 11 10:18:00 AM","1,760,192,280","1.82458723",,"1.84891593","0.4980215",
"2025 Oct 11 10:12:00 AM","1,760,191,920","1.74034071",,"1.75596035","0.495548725",
"2025 Oct 11 10:06:00 AM","1,760,191,560","1.65979493",,"1.68412173","0.494027019",
"2025 Oct 11 10:00:00 AM","1,760,191,200",,,"1.59878647","0.49254334",
"2025 Oct 11 09:54:00 AM","1,760,190,840","1.51023912",,"1.51867485","0.49204874",
"2025 Oct 11 09:48:00 AM","1,760,190,480","1.44144809",,"1.44748938","0.491325825",
"2025 Oct 11 09:42:00 AM","1,760,190,120","1.35415363",,"1.3645488","0.489880234",
"2025 Oct 11 09:36:00 AM","1,760,189,760","1.27251828",,"1.28269541","0.49026072",
"2025 Oct 11 09:30:00 AM","1,760,189,400","1.19654286",,"1.198884","0.489385635",
"2025 Oct 11 09:24:00 AM","1,760,189,040",,,"1.11724961","0.489880234",
"2025 Oct 11 09:18:00 AM","1,760,188,680","1.04916465",,"1.04911041","0.490755171",
"2025 Oct 11 09:12:00 AM","1,760,188,320","0.9855983",,"0.9996946","0.491287857",
"2025 Oct 11 09:06:00 AM","1,760,187,960",,,"0.9411354","0.492429256",
"2025 Oct 11 09:00:00 AM","1,760,187,600","0.8621655",,"0.878222","0.492277056",
"2025 Oct 11 08:54:00 AM","1,760,187,240","0.799035251",,"0.8148729","0.494445354",
"2025 Oct 11 08:48:00 AM","1,760,186,880","0.741782",,"0.7652386","0.4996574",
"2025 Oct 11 08:42:00 AM","1,760,186,520","0.6954132",,"0.721482754","0.500418246",
"2025 Oct 11 08:36:00 AM","1,760,186,160","0.634459734",,"0.6640122","0.5029292",
"2025 Oct 11 08:30:00 AM","1,760,185,800","0.573287249",,"0.607846737","0.5073803",
"2025 Oct 11 08:24:00 AM","1,760,185,440","0.5234359",,"0.5582126","0.512782454",
"2025 Oct 11 08:18:00 AM","1,760,185,080","0.475543827",,"0.51619786","0.515559554",
"2025 Oct 11 08:12:00 AM","1,760,184,720","0.408929557",,"0.4696118","0.5187171",
"2025 Oct 11 08:06:00 AM","1,760,184,360","0.3616891",,"0.4134475","0.5256792",
"2025 Oct 11 08:00:00 AM","1,760,184,000","0.304000646",,"0.358587623","0.529825866",
"2025 Oct 11 07:54:00 AM","1,760,183,640","0.26155135",,"0.312001467","0.5342388",
"2025 Oct 11 07:48:00 AM","1,760,183,280","0.2243259",,"0.275429279","0.54211396",
"2025 Oct 11 07:42:00 AM","1,760,182,920","0.187971592",,"0.242557958","0.5466031",
"2025 Oct 11 07:36:00 AM","1,760,182,560","0.148786739",,"0.217740849","0.553831339",
"2025 Oct 11 07:30:00 AM","1,760,182,200","0.114172459",,"0.181821585","0.558701",
"2025 Oct 11 07:24:00 AM","1,760,181,840","0.09283892",,"0.145031691","0.563380241",
"2025 Oct 11 07:18:00 AM","1,760,181,480","0.0656271",,"0.123697758","0.571521461",
"2025 Oct 11 07:12:00 AM","1,760,181,120","0.03406211",,"0.09822658","0.575516164",
"2025 Oct 11 07:06:00 AM","1,760,180,760","0.02513647",,"0.09213134","0.5838477",
"2025 Oct 11 07:00:00 AM","1,760,180,400","0.00968043",,"0.06949142","0.5878802",
"2025 Oct 11 06:54:00 AM","1,760,180,040","-0.01208913",,"0.05642974","0.595793247",
"2025 Oct 11 06:48:00 AM","1,760,179,680","-0.01470204",,"0.05751828","0.60092926",
"2025 Oct 11 06:42:00 AM","1,760,179,320","-0.01056512",,"0.05882426","0.6074346",
"2025 Oct 11 06:36:00 AM","1,760,178,960","-0.00294586",,"0.06687919","0.614092231",
"2025 Oct 11 06:30:00 AM","1,760,178,600","0.00510951",,"0.081682","0.618961751",
"2025 Oct 11 06:24:00 AM","1,760,178,240","0.02078223",,"0.08908379","0.6276737",
"2025 Oct 11 06:18:00 AM","1,760,177,880","0.03057814",,"0.101927638","0.63216275",
"2025 Oct 11 06:12:00 AM","1,760,177,520","0.06366757",,"0.1352355","0.6396194",
"2025 Oct 11 06:06:00 AM","1,760,177,160","0.07455254",,"0.15961726","0.6444129",
"2025 Oct 11 06:00:00 AM","1,760,176,800","0.1056821",,"0.17877388","0.653847635",
"2025 Oct 11 05:54:00 AM","1,760,176,440","0.122445457",,"0.212080717","0.6581085",
"2025 Oct 11 05:48:00 AM","1,760,176,080","0.157058239",,"0.2286253","0.666363955",
"2025 Oct 11 05:42:00 AM","1,760,175,720","0.195589781",,"0.263020754","0.672184646",
"2025 Oct 11 05:36:00 AM","1,760,175,360","0.234992549",,"0.2937157","0.6815813",
"2025 Oct 11 05:30:00 AM","1,760,175,000","0.277442545",,"0.343349248","0.686146557",
"2025 Oct 11 05:24:00 AM","1,760,174,640","0.326640368",,"0.384711832","0.6954672",
"2025 Oct 11 05:18:00 AM","1,760,174,280","0.376710534",,"0.439570338","0.6992715",
"2025 Oct 11 05:12:00 AM","1,760,173,920","0.4407126",,"0.486374","0.708630264",
"2025 Oct 11 05:06:00 AM","1,760,173,560","0.499054521",,"0.5551647","0.7130433",
"2025 Oct 11 05:00:00 AM","1,760,173,200","0.570457458",,"0.614160359","0.722820461",
"2025 Oct 11 04:54:00 AM","1,760,172,840","0.62335676",,"0.6709781","0.7307336",
"2025 Oct 11 04:48:00 AM","1,760,172,480","0.6984606",,"0.72670716","0.73925525",
"2025 Oct 11 04:42:00 AM","1,760,172,120","0.7746537",,"0.7983281","0.7455704",
"2025 Oct 11 04:36:00 AM","1,760,171,760","0.831253767",,"0.865160644","0.753331363",
"2025 Oct 11 04:30:00 AM","1,760,171,400","0.8956917",,"0.9326451","0.763565063",
"2025 Oct 11 04:24:00 AM","1,760,171,040","0.9590396",,"0.985108852","0.771934569",
"2025 Oct 11 04:18:00 AM","1,760,170,680","1.03262007",,"1.05890656","0.7920596",
"2025 Oct 11 04:12:00 AM","1,760,170,320","1.1027168",,"1.14032471","0.776728",
"2025 Oct 11 04:06:00 AM","1,760,169,960",,,,,
"2025 Oct 11 04:00:00 AM","1,760,169,600","1.25074875",,"1.27093983","0.7488043",
"2025 Oct 11 03:54:00 AM","1,760,169,240","1.32432818",,"1.35061634","0.7514291",
"2025 Oct 11 03:48:00 AM","1,760,168,880","1.37962377",,"1.40656316","0.7516954",
"2025 Oct 11 03:42:00 AM","1,760,168,520","1.4521147",,"1.47753084","0.7531411",
"2025 Oct 11 03:36:00 AM","1,760,168,160","1.52656615",,"1.54218578","0.7541683",
"2025 Oct 11 03:30:00 AM","1,760,167,800","1.58011854",,"1.60096359","0.753597438",
"2025 Oct 11 03:24:00 AM","1,760,167,440","1.65674651",,"1.64646089","0.753597736",
"2025 Oct 11 03:18:00 AM","1,760,167,080","1.71748388",,"1.71285725","0.752380133",
"2025 Oct 11 03:12:00 AM","1,760,166,720","1.78518474",,"1.77228725","0.7524182",
"2025 Oct 11 03:06:00 AM","1,760,166,360","1.84113276",,"1.83629","0.7516573",
"2025 Oct 11 03:00:00 AM","1,760,166,000","1.90905285",,"1.88657677","0.750744343",
"2025 Oct 11 02:54:00 AM","1,760,165,640","1.97305524",,"1.93751621","0.7505922",
"2025 Oct 11 02:48:00 AM","1,760,165,280","2.03553224",,"1.99716437","0.7496031",
"2025 Oct 11 02:42:00 AM","1,760,164,920","2.08538413",,"2.05920625","0.7491846",
"2025 Oct 11 02:36:00 AM","1,760,164,560","2.15461063",,"2.102311","0.7488802",
"2025 Oct 11 02:30:00 AM","1,760,164,200","2.20359159",,"2.15085626","0.7456846",
"2025 Oct 11 02:24:00 AM","1,760,163,840","2.25888515",,"2.20049024","0.746673763",
"2025 Oct 11 02:18:00 AM","1,760,163,480","2.31788063",,"2.25709","0.7438584",
"2025 Oct 11 02:12:00 AM","1,760,163,120","2.36664414",,"2.310642","0.7445052",
"2025 Oct 11 02:06:00 AM","1,760,162,760","2.41323018",,"2.35374618","0.742945433",
"2025 Oct 11 02:00:00 AM","1,760,162,400","2.454809",,"2.402074","0.7411194",
"2025 Oct 11 01:54:00 AM","1,760,162,040","2.496606",,"2.44343519","0.7410052",
"2025 Oct 11 01:48:00 AM","1,760,161,680","2.53883815",,"2.483055","0.7403965",
"2025 Oct 11 01:42:00 AM","1,760,161,320","2.57802343",,"2.52202225","0.740396559",
"2025 Oct 11 01:36:00 AM","1,760,160,960","2.60545421",,"2.55250025","0.7394073",
"2025 Oct 11 01:30:00 AM","1,760,160,600","2.624175",,"2.56795645","0.737657368",
"2025 Oct 11 01:24:00 AM","1,760,160,240","2.65769958",,"2.60256934","0.737999737",
"2025 Oct 11 01:18:00 AM","1,760,159,880","2.67032552",,"2.60953546","0.7375433",
"2025 Oct 11 01:12:00 AM","1,760,159,520","2.69100666",,"2.63195848","0.73697263",
"2025 Oct 11 01:06:00 AM","1,760,159,160","2.69688439",,"2.644584","0.7358692",
"2025 Oct 11 01:00:00 AM","1,760,158,800","2.70406818",,"2.638489","0.736059666",
"2025 Oct 11 12:54:00 AM","1,760,158,440","2.70450282",,"2.64480186","0.7332444",
"2025 Oct 11 12:48:00 AM","1,760,158,080","2.70602775",,"2.64589024","0.732027",
"2025 Oct 11 12:42:00 AM","1,760,157,720","2.70776868",,"2.649373","0.733016",
"2025 Oct 11 12:36:00 AM","1,760,157,360","2.705157",,"2.646761","0.731228054",
"2025 Oct 11 12:30:00 AM","1,760,157,000","2.69906068",,"2.64654326","0.7292878",
"2025 Oct 11 12:24:00 AM","1,760,156,640","2.69057155",,"2.64610815","0.729097664",
"2025 Oct 11 12:18:00 AM","1,760,156,280","2.667495",,"2.62716937","0.728146553",
"2025 Oct 11 12:12:00 AM","1,760,155,920","2.65008044",,"2.61323643","0.7288313",
"2025 Oct 11 12:06:00 AM","1,760,155,560","2.62112713",,"2.602787","0.7281084",
"2025 Oct 11 12:00:00 AM","1,760,155,200","2.5871675",,"2.568174","0.7265107",
"2025 Oct 10 11:54:00 PM","1,760,154,840","2.56147885",,"2.53769684","0.7264345",
"2025 Oct 10 11:48:00 PM","1,760,154,480","2.527519",,"2.512444","0.7262824",
"2025 Oct 10 11:42:00 PM","1,760,154,120","2.47287846",,"2.47608924","0.7257498",
"2025 Oct 10 11:36:00 PM","1,760,153,760","2.419326",,"2.424279","0.725331366",
"2025 Oct 10 11:30:00 PM","1,760,153,400","2.3714335",,"2.36789632","0.724266052",
"2025 Oct 10 11:24:00 PM","1,760,153,040","2.32549882",,"2.32152724","0.723238945",
"2025 Oct 10 11:18:00 PM","1,760,152,680","2.25627351",,"2.27123976","0.7238856",
"2025 Oct 10 11:12:00 PM","1,760,152,320","2.20272088",,"2.204844","0.7231629",
"2025 Oct 10 11:06:00 PM","1,760,151,960","2.13240719",,"2.14410758","0.7218313",
"2025 Oct 10 11:00:00 PM","1,760,151,600","2.0751524",,"2.076623","0.723238945",
"2025 Oct 10 10:54:00 PM","1,760,151,240","2.012893",,"2.019804","0.7211085",
"2025 Oct 10 10:48:00 PM","1,760,150,880","1.95041466",,"1.958633","0.719206333",
"2025 Oct 10 10:42:00 PM","1,760,150,520","1.88336575",,"1.89680779","0.717037857",
"2025 Oct 10 10:36:00 PM","1,760,150,160","1.8269819",,"1.84194994","0.716885746",
"2025 Oct 10 10:30:00 PM","1,760,149,800","1.7477417",,"1.77533484","0.7179129",
"2025 Oct 10 10:24:00 PM","1,760,149,440","1.6935364",,"1.71590507","0.7182552",
"2025 Oct 10 10:18:00 PM","1,760,149,080","1.62126291",,"1.65016174","0.7184455",
"2025 Oct 10 10:12:00 PM","1,760,148,720","1.54376376",,"1.59595668","0.718483448",
"2025 Oct 10 10:06:00 PM","1,760,148,360","1.48955786",,"1.52302849","0.7207661",
"2025 Oct 10 10:00:00 PM","1,760,148,000","1.42033255",,"1.45728576","0.717076",
"2025 Oct 10 09:54:00 PM","1,760,147,640","1.35850728",,"1.41004622","0.720766068",
"2025 Oct 10 09:48:00 PM","1,760,147,280","1.29211032",,"1.34560955","0.7215269",
"2025 Oct 10 09:42:00 PM","1,760,146,920","1.242041",,"1.27529383","0.7214129",
"2025 Oct 10 09:36:00 PM","1,760,146,560","1.16671908",,"1.22435367","0.7216031",
"2025 Oct 10 09:30:00 PM","1,760,146,200","1.11795533",,"1.14032459","0.722934544",
"2025 Oct 10 09:24:00 PM","1,760,145,840","1.07224",,"1.081766","0.723201",
"2025 Oct 10 09:18:00 PM","1,760,145,480","1.00366676",,"1.02625275","0.7246085",
"2025 Oct 10 09:12:00 PM","1,760,145,120","0.9488086",,"0.972265065","0.7269673",
"2025 Oct 10 09:06:00 PM","1,760,144,760","0.881759",,"0.8936782","0.7297062",
"2025 Oct 10 09:00:00 PM","1,760,144,400","0.8271181",,"0.8333766","0.7360217",
"2025 Oct 10 08:54:00 PM","1,760,144,040","0.7739999",,"0.7667623","0.737885654",
"2025 Oct 10 08:48:00 PM","1,760,143,680","0.7374279",,"0.720612","0.7418041",
"2025 Oct 10 08:42:00 PM","1,760,143,320","0.6860536",,"0.661182046","0.7515052",
"2025 Oct 10 08:36:00 PM","1,760,142,960","0.6499161",,"0.6237386","0.753445446",
"2025 Oct 10 08:30:00 PM","1,760,142,600","0.5815596",,"0.574104249","0.762880266",
"2025 Oct 10 08:24:00 PM","1,760,142,240","0.5423751",,"0.5397087","0.770641",
"2025 Oct 10 08:18:00 PM","1,760,141,880","0.5236532",,"0.498565","0.780380249",
"2025 Oct 10 08:12:00 PM","1,760,141,520","0.478373766",,"0.468088","0.7911465",
"2025 Oct 10 08:06:00 PM","1,760,141,160","0.423297077",,"0.414535731","0.7979563",
"2025 Oct 10 08:00:00 PM","1,760,140,800","0.3699621",,"0.39254877","0.800163",
"2025 Oct 10 07:54:00 PM","1,760,140,440","0.341661841",,"0.347049862","0.8108149",
"2025 Oct 10 07:48:00 PM","1,760,140,080","0.291374415",,"0.317661643","0.8217335",
"2025 Oct 10 07:42:00 PM","1,760,139,720","0.2397811",,"0.289579362","0.8321193",
"2025 Oct 10 07:36:00 PM","1,760,139,360","0.196461",,"0.237768456","0.84376055",
"2025 Oct 10 07:30:00 PM","1,760,139,000","0.15444617",,"0.198148772","0.860842049",
"2025 Oct 10 07:24:00 PM","1,760,138,640","0.109600507",,"0.169413328","0.8581031",
"2025 Oct 10 07:18:00 PM","1,760,138,280","0.068892",,"0.137194708","0.830445468",
"2025 Oct 10 07:12:00 PM","1,760,137,920","0.02840122",,"0.116513692","0.837065041",
"2025 Oct 10 07:06:00 PM","1,760,137,560","-0.00751746",,"0.09234905","0.842923641",
"2025 Oct 10 07:00:00 PM","1,760,137,200","-0.01949104",,"0.06448432","0.849657357",
"2025 Oct 10 06:54:00 PM","1,760,136,840","-0.05410318",,"0.05185826","0.856086731",
"2025 Oct 10 06:48:00 PM","1,760,136,480","-0.05845777",,"0.05076985","0.8644562",
"2025 Oct 10 06:42:00 PM","1,760,136,120","-0.07064807",,"0.03161327","0.870277",
"2025 Oct 10 06:36:00 PM","1,760,135,760","-0.09437648",,"0.0366201","0.8789888",
"2025 Oct 10 06:30:00 PM","1,760,135,400","-0.09350606",,"0.04184468","0.8837824",
"2025 Oct 10 06:24:00 PM","1,760,135,040","-0.08501597",,"0.04380369","0.8918856",
"2025 Oct 10 06:18:00 PM","1,760,134,680","-0.05671652",,"0.05294669","0.9006357",
"2025 Oct 10 06:12:00 PM","1,760,134,320","-0.05214481",,"0.07188622","0.906228065",
"2025 Oct 10 06:06:00 PM","1,760,133,960","-0.04604908",,"0.08015847","0.913532436",
"2025 Oct 10 06:00:00 PM","1,760,133,600","-0.01753139",,"0.09169599","0.9204562",
"2025 Oct 10 05:54:00 PM","1,760,133,240","0.02404797",,"0.106499113","0.928103149",
"2025 Oct 10 05:48:00 PM","1,760,132,880","0.06497395",,"0.1559165","0.9347226",
"2025 Oct 10 05:42:00 PM","1,760,132,520","0.09283885",,"0.209033325","0.942597568",
"2025 Oct 10 05:36:00 PM","1,760,132,160","0.111560069",,"0.22296536","0.9476576",
"2025 Oct 10 05:30:00 PM","1,760,131,800","0.158799842",,"0.2554017","0.9566736",
"2025 Oct 10 05:24:00 PM","1,760,131,440","0.234556511",,"0.3083006","0.962684631",
"2025 Oct 10 05:18:00 PM","1,760,131,080","0.3085724",,"0.364248633","0.9707498",
"2025 Oct 10 05:12:00 PM","1,760,130,720","0.3638661",,"0.421284318","0.9764183",
"2025 Oct 10 05:06:00 PM","1,760,130,360","0.435270548",,"0.492687345","0.980983555",
"2025 Oct 10 05:00:00 PM","1,760,130,000","0.4940473",,"0.5636549","0.990418136",
"2025 Oct 10 04:54:00 PM","1,760,129,640","0.5815595",,"0.639195","0.9965432",
"2025 Oct 10 04:48:00 PM","1,760,129,280","0.66602546",,"0.7123399","1.0038476",
"2025 Oct 10 04:42:00 PM","1,760,128,920","0.7428698",,"0.779824257","1.00997269",
"2025 Oct 10 04:36:00 PM","1,760,128,560","0.8295124",,"0.855145752","1.01655424",
"2025 Oct 10 04:30:00 PM","1,760,128,200","0.9118006",,"0.932209969","1.02024436",
"2025 Oct 10 04:24:00 PM","1,760,127,840","1.00649679",,"1.01036131","1.026978",
"2025 Oct 10 04:18:00 PM","1,760,127,480","1.09553361",,"1.10549366","1.03279865",
"2025 Oct 10 04:12:00 PM","1,760,127,120","1.16933191",,"1.18299246","1.03629875",
"2025 Oct 10 04:06:00 PM","1,760,126,760","1.27621877",,"1.26832759","1.040902",
"2025 Oct 10 04:00:00 PM","1,760,126,400","1.365256",,"1.350181","1.04672253",
"2025 Oct 10 03:54:00 PM","1,760,126,040","1.4523325",,"1.4494487","1.04858673",
"2025 Oct 10 03:48:00 PM","1,760,125,680","1.53396749",,"1.51780415","1.052391",
"2025 Oct 10 03:42:00 PM","1,760,125,320","1.6312772",,"1.61358976","1.05695629",
"2025 Oct 10 03:36:00 PM","1,760,124,960","1.71465349",,"1.71438134","1.06015193",
"2025 Oct 10 03:30:00 PM","1,760,124,600","1.78975666",,"1.79753971","1.0622822",
"2025 Oct 10 03:24:00 PM","1,760,124,240","1.86682034",,"1.8532697","1.0619781",
"2025 Oct 10 03:18:00 PM","1,760,123,880","1.94823778",,"1.93316269","1.06155956",
"2025 Oct 10 03:12:00 PM","1,760,123,520","2.02029419",,"2.01044369","1.06083667",
"2025 Oct 10 03:06:00 PM","1,760,123,160","2.08734369",,"2.08511281","1.05999982",
"2025 Oct 10 03:00:00 PM","1,760,122,800","2.162012",,"2.14106","1.06049442",
"2025 Oct 10 02:54:00 PM","1,760,122,440","2.23537469",,"2.22835469","1.05691826",
"2025 Oct 10 02:48:00 PM","1,760,122,080","2.29153848",,"2.27864146","1.05870628",
"2025 Oct 10 02:42:00 PM","1,760,121,720","2.36642647",,"2.33589554","1.05863023",
"2025 Oct 10 02:36:00 PM","1,760,121,360","2.41997933",,"2.39967942","1.05737484",
"2025 Oct 10 02:30:00 PM","1,760,121,000","2.49334121",,"2.45388484","1.05722272",
"2025 Oct 10 02:24:00 PM","1,760,120,640","2.537968",,"2.50939655","1.05627143",
"2025 Oct 10 02:18:00 PM","1,760,120,280","2.608066",,"2.5792768","1.058554",
"2025 Oct 10 02:12:00 PM","1,760,119,920","2.6646657",,"2.61105943","1.05729866",
"2025 Oct 10 02:06:00 PM","1,760,119,560","2.72736168",,"2.663959","1.0577172",
"2025 Oct 10 02:00:00 PM","1,760,119,200","2.78505015",,"2.72295356","1.0587064",
"2025 Oct 10 01:54:00 PM","1,760,118,840","2.828807",,"2.76235557","1.05691826",
"2025 Oct 10 01:48:00 PM","1,760,118,480","2.876917",,"2.807637","1.05657589",
"2025 Oct 10 01:42:00 PM","1,760,118,120","2.95397973",,"2.8592298","1.054902",
"2025 Oct 10 01:36:00 PM","1,760,117,760","2.99839",,"2.918225","1.05741286",
"2025 Oct 10 01:30:00 PM","1,760,117,400","3.03931451",,"2.951749","1.05893445",
"2025 Oct 10 01:24:00 PM","1,760,117,040","3.07567048",,"2.9861443","1.05950522",
"2025 Oct 10 01:18:00 PM","1,760,116,680","3.09025645",,"3.01640344","1.05977154",
"2025 Oct 10 01:12:00 PM","1,760,116,320","3.129876",,"3.03251362","1.05509222",
"2025 Oct 10 01:06:00 PM","1,760,115,960","3.16274762",,"3.05929","1.06247246",
"2025 Oct 10 01:00:00 PM","1,760,115,600","3.2058506",,"3.11632562","1.05882049",
"2025 Oct 10 12:54:00 PM","1,760,115,240","3.23480439",,"3.15616322","0.99018985",
"2025 Oct 10 12:48:00 PM","1,760,114,880","3.247866",,"3.17118382","0.9777878",
"2025 Oct 10 12:42:00 PM","1,760,114,520","3.28683257",,"3.18946934","0.9646249",
"2025 Oct 10 12:36:00 PM","1,760,114,160","3.28705",,"3.18968749","0.9503584",
"2025 Oct 10 12:30:00 PM","1,760,113,800","3.26811147",,"3.207756","0.9389073",
"2025 Oct 10 12:24:00 PM","1,760,113,440","3.25091362",,"3.22168851","0.924070537",
"2025 Oct 10 12:18:00 PM","1,760,113,080","3.2885735",,"3.21515775","0.912048757",
"2025 Oct 10 12:12:00 PM","1,760,112,720","3.291839",,"3.209933","0.8976302",
"2025 Oct 10 12:06:00 PM","1,760,112,360","3.28792071",,"3.21624565","0.8822606",
"2025 Oct 10 12:00:00 PM","1,760,112,000","3.28008437",,"3.20253158","0.869325936",
"2025 Oct 10 11:54:00 AM","1,760,111,640","3.24786568",,"3.19317031","0.856391132",
"2025 Oct 10 11:48:00 AM","1,760,111,280","3.208245",,"3.157687","0.842999935",
"2025 Oct 10 11:42:00 AM","1,760,110,920","3.20302129",,"3.140054","0.826907337",
"2025 Oct 10 11:36:00 AM","1,760,110,560","3.18234062",,"3.12046146","0.8175106",
"2025 Oct 10 11:30:00 AM","1,760,110,200","3.147292",,"3.10587621","0.8029782",
"2025 Oct 10 11:24:00 AM","1,760,109,840","3.097441",,"3.066909","0.7924781",
"2025 Oct 10 11:18:00 AM","1,760,109,480","3.04649949",,"3.0116148","0.7748639",
"2025 Oct 10 11:12:00 AM","1,760,109,120","2.99730039",,"2.958498","0.7617771",
"2025 Oct 10 11:06:00 AM","1,760,108,760","2.950714",,"2.91038728","0.750592232",
"2025 Oct 10 11:00:00 AM","1,760,108,400","2.89019585",,"2.845733","0.737124741",
"2025 Oct 10 10:54:00 AM","1,760,108,040","2.826195",,"2.80698371","0.7244563",
"2025 Oct 10 10:48:00 AM","1,760,107,680","2.76415181",,"2.74406981","0.7109888",
"2025 Oct 10 10:42:00 AM","1,760,107,320","2.70014954",,"2.676367","0.7001845",
"2025 Oct 10 10:36:00 AM","1,760,106,960","2.625264",,"2.602352","0.6894944",
"2025 Oct 10 10:30:00 AM","1,760,106,600","2.54449916",,"2.52920651","0.682189941",
"2025 Oct 10 10:24:00 AM","1,760,106,240","2.451109",,"2.458021","0.669407368",
"2025 Oct 10 10:18:00 AM","1,760,105,880","2.37927079",,"2.37856317","0.657271564",
"2025 Oct 10 10:12:00 AM","1,760,105,520","2.29219317",,"2.281036","0.6484835",
"2025 Oct 10 10:06:00 AM","1,760,105,160","2.209469",,"2.19744253","0.639429152",
"2025 Oct 10 10:00:00 AM","1,760,104,800","2.12086844",,"2.10035181","0.6285488",
"2025 Oct 10 09:54:00 AM","1,760,104,440","2.03139567",,"2.01457977","0.6206357",
"2025 Oct 10 09:48:00 AM","1,760,104,080","1.94932616",,"1.93403375","0.611048639",
"2025 Oct 10 09:42:00 AM","1,760,103,720","1.87683487",,"1.86197758","0.602945447",
"2025 Oct 10 09:36:00 AM","1,760,103,360","1.79519939",,"1.79449213","0.5972008",
"2025 Oct 10 09:30:00 AM","1,760,103,000","1.69897938",,"1.69565976","0.588565052",
"2025 Oct 10 09:24:00 AM","1,760,102,640","1.61342621",,"1.61184824","0.5838857",
"2025 Oct 10 09:18:00 AM","1,760,102,280","1.51981771",,"1.52411664","0.5804238",
"2025 Oct 10 09:12:00 AM","1,760,101,920","1.4231621",,"1.441394","0.574983537",
"2025 Oct 10 09:06:00 AM","1,760,101,560","1.33956814",,"1.35126925","0.5713312",
"2025 Oct 10 09:00:00 AM","1,760,101,200","1.24748349",,"1.26680362","0.5698857",
"2025 Oct 10 08:54:00 AM","1,760,100,840","1.15518117",,"1.18168628","0.569048762",
"2025 Oct 10 08:48:00 AM","1,760,100,480","1.0698458",,"1.09460938","0.568097651",
"2025 Oct 10 08:42:00 AM","1,760,100,120","0.9792854",,"1.00339532","0.5680595",
"2025 Oct 10 08:36:00 AM","1,760,099,760","0.893950164",,"0.9300329","0.5725486",
"2025 Oct 10 08:30:00 AM","1,760,099,400","0.8214573",,"0.850791752","0.574565",
"2025 Oct 10 08:24:00 AM","1,760,099,040","0.7446119",,"0.77198714","0.5786738",
"2025 Oct 10 08:18:00 AM","1,760,098,680","0.6690727",,"0.7079859","0.5863965",
"2025 Oct 10 08:12:00 AM","1,760,098,320","0.5885264",,"0.6248273","0.5896302",
"2025 Oct 10 08:06:00 AM","1,760,097,960","0.52082324",,"0.549505055","0.5979237",
"2025 Oct 10 08:00:00 AM","1,760,097,600","0.454862922",,"0.486591727","0.6049997",
"2025 Oct 10 07:54:00 AM","1,760,097,240","0.396738917",,"0.429992","0.6111249",
"2025 Oct 10 07:48:00 AM","1,760,096,880","0.332300931",,"0.378398567","0.616450846",
"2025 Oct 10 07:42:00 AM","1,760,096,520","0.277878076",,"0.327893257","0.6255432",
"2025 Oct 10 07:36:00 AM","1,760,096,160","0.203862265",,"0.266068578","0.6311737",
"2025 Oct 10 07:30:00 AM","1,760,095,800","0.153140113",,"0.200107813","0.640912831",
"2025 Oct 10 07:24:00 AM","1,760,095,440","0.109382868",,"0.159399629","0.6467715",
"2025 Oct 10 07:18:00 AM","1,760,095,080","0.05822547",,"0.119562067","0.6553313",
"2025 Oct 10 07:12:00 AM","1,760,094,720","-0.00163917",,"0.07580427","0.663853",
"2025 Oct 10 07:06:00 AM","1,760,094,360","-0.04126012",,"0.0322659","0.671575844",
"2025 Oct 10 07:00:00 AM","1,760,094,000","-0.0715185",,"-0.00474151","0.6815052",
"2025 Oct 10 06:54:00 AM","1,760,093,640","-0.101995833",,"-0.04545021","0.689532459",
"2025 Oct 10 06:48:00 AM","1,760,093,280","-0.1400929",,"-0.07570931","0.6974835",
"2025 Oct 10 06:42:00 AM","1,760,092,920","-0.165999055",,"-0.107274771","0.706043243",
"2025 Oct 10 06:36:00 AM","1,760,092,560","-0.184720635",,"-0.130567715","0.713005245",
"2025 Oct 10 06:30:00 AM","1,760,092,200","-0.2110608",,"-0.159304187","0.722097635",
"2025 Oct 10 06:24:00 AM","1,760,091,840","-0.229782343",,"-0.170406416","0.7306954",
"2025 Oct 10 06:18:00 AM","1,760,091,480","-0.233918071",,"-0.183903143","0.7392171",
"2025 Oct 10 06:12:00 AM","1,760,091,120","-0.227388218",,"-0.174760386","0.750021458",
"2025 Oct 10 06:06:00 AM","1,760,090,760","-0.23239477",,"-0.178678587","0.7590758",
"2025 Oct 10 06:00:00 AM","1,760,090,400","-0.23413603",,"-0.171712682","0.766760647",
"2025 Oct 10 05:54:00 AM","1,760,090,040","-0.227169514",,"-0.1656173","0.7782879",
"2025 Oct 10 05:48:00 AM","1,760,089,680","-0.220421746",,"-0.148201391","0.7859726",
"2025 Oct 10 05:42:00 AM","1,760,089,320","-0.205183029",,"-0.1288263","0.7959781",
"2025 Oct 10 05:36:00 AM","1,760,088,960","-0.187114671",,"-0.12033657","0.8032062",
"2025 Oct 10 05:30:00 AM","1,760,088,600","-0.174923941",,,"0.810586751",
"2025 Oct 10 05:24:00 AM","1,760,088,240","-0.140964434",,"-0.05568163","0.820896447",
"2025 Oct 10 05:18:00 AM","1,760,087,880","-0.1154929",,"-0.02999409","0.8275161",
"2025 Oct 10 05:12:00 AM","1,760,087,520","-0.0880632",,"-0.0184561","0.8368368",
"2025 Oct 10 05:06:00 AM","1,760,087,160","-0.05649889",,"0.02029292","0.8442933",
"2025 Oct 10 05:00:00 AM","1,760,086,800","-0.01448373",,"0.07253901","0.8521302",
"2025 Oct 10 04:54:00 AM","1,760,086,440","0.03014282",,"0.116949081","0.8652172",
"2025 Oct 10 04:48:00 AM","1,760,086,080","0.07215762",,"0.153957084","0.875488937",
"2025 Oct 10 04:42:00 AM","1,760,085,720","0.109600462",,"0.19727774","0.8843911",
"2025 Oct 10 04:36:00 AM","1,760,085,360","0.150092483",,"0.234067962","0.897249758",
"2025 Oct 10 04:30:00 AM","1,760,085,000","0.202556685",,"0.27804172","0.910412967",
"2025 Oct 10 04:24:00 AM","1,760,084,640","0.278312951",,"0.347920626","0.9237661",
"2025 Oct 10 04:18:00 AM","1,760,084,280","0.336654216",,"0.406481028","0.939668357",
"2025 Oct 10 04:12:00 AM","1,760,083,920","0.3997866",,"0.466564178","0.9540868",
"2025 Oct 10 04:06:00 AM","1,760,083,560","0.470971972",,"0.518592536","0.969874859",
"2025 Oct 10 04:00:00 AM","1,760,083,200","0.534103",,"0.6047994","0.9891248",
"2025 Oct 10 03:54:00 AM","1,760,082,840","0.6129077",,"0.6574814","0.962342262",
"2025 Oct 10 03:48:00 AM","1,760,082,480","0.696066439",,"0.734108746","0.956179142",
"2025 Oct 10 03:42:00 AM","1,760,082,120","0.7672525",,"0.798981","0.96386385",
"2025 Oct 10 03:36:00 AM","1,760,081,760","0.851717234",,"0.874303639","0.9707878",
"2025 Oct 10 03:30:00 AM","1,760,081,400","0.927256763",,"0.9452718","0.9786628",
"2025 Oct 10 03:24:00 AM","1,760,081,040","1.00584388",,"1.03017151","0.986233532",
"2025 Oct 10 03:18:00 AM","1,760,080,680","1.09335613",,"1.09787464","0.9931574",
"2025 Oct 10 03:12:00 AM","1,760,080,320","1.18740022",,"1.18429828","1.00126064",
"2025 Oct 10 03:06:00 AM","1,760,079,960","1.27208269",,"1.263103","1.00594",
"2025 Oct 10 03:00:00 AM","1,760,079,600","1.3548069",,"1.34517419","1.013929",
"2025 Oct 10 02:54:00 AM","1,760,079,240","1.442319",,"1.42767966","1.018114",
"2025 Oct 10 02:48:00 AM","1,760,078,880","1.53135455",,"1.515845","1.02073884",
"2025 Oct 10 02:42:00 AM","1,760,078,520","1.60776675",,"1.61032438","1.02644539",
"2025 Oct 10 02:36:00 AM","1,760,078,160","1.68896544",,"1.6823802","1.0300976",
"2025 Oct 10 02:30:00 AM","1,760,077,800","1.75601447",,"1.754654","1.03253233",
"2025 Oct 10 02:24:00 AM","1,760,077,440","1.82719934",,"1.831936","1.03329325",
"2025 Oct 10 02:18:00 AM","1,760,077,080","1.90382814",,"1.89789724","1.03329313",
"2025 Oct 10 02:12:00 AM","1,760,076,720","1.97196686",,"1.97365379","1.03272259",
"2025 Oct 10 02:06:00 AM","1,760,076,360","2.033573",,"2.038308","1.02994537",
"2025 Oct 10 02:00:00 AM","1,760,076,000","2.08647251",,"2.0942564","1.0216521",
"2025 Oct 10 01:54:00 AM","1,760,075,640","2.15744114",,"2.15172672","1.01990187",
"2025 Oct 10 01:48:00 AM","1,760,075,280","2.20685673",,"2.19940162","1.01408136",
"2025 Oct 10 01:42:00 AM","1,760,074,920","2.267811",,"2.23836827","1.00719547",
"2025 Oct 10 01:36:00 AM","1,760,074,560","2.32310462",,"2.2866962","1.00133669",
"2025 Oct 10 01:30:00 AM","1,760,074,200","2.36925626",,"2.33110619","0.992016",
"2025 Oct 10 01:24:00 AM","1,760,073,840","2.41627812",,"2.36005926","0.9835324",
"2025 Oct 10 01:18:00 AM","1,760,073,480","2.47505569",,"2.40468669","0.977407455",
"2025 Oct 10 01:12:00 AM","1,760,073,120","2.525342",,"2.45236087","0.969722569",
"2025 Oct 10 01:06:00 AM","1,760,072,760","2.564309",,"2.48370862","0.959565",
"2025 Oct 10 01:00:00 AM","1,760,072,400","2.61481452",,"2.5255053","0.9513097",
"2025 Oct 10 12:54:00 AM","1,760,072,040","2.65291023",,"2.56251383","0.9439292",
"2025 Oct 10 12:48:00 AM","1,760,071,680","2.69579625",,"2.59516835","0.932440042",
"2025 Oct 10 12:42:00 AM","1,760,071,320","2.72583747",,"2.62825751","0.9232715",
"2025 Oct 10 12:36:00 AM","1,760,070,960","2.754573",,"2.65633941","0.9119727",
"2025 Oct 10 12:30:00 AM","1,760,070,600","2.78592038",,"2.69465351","0.904401958",
"2025 Oct 10 12:24:00 AM","1,760,070,240","2.82467055",,"2.723389","0.8929507",
"2025 Oct 10 12:18:00 AM","1,760,069,880","2.83446717",,"2.73601532","0.8834019",
"2025 Oct 10 12:12:00 AM","1,760,069,520","2.86124325",,"2.768669","0.872065",
"2025 Oct 10 12:06:00 AM","1,760,069,160","2.87125683",,"2.78630233","0.8614127",
"2025 Oct 10 12:00:00 AM","1,760,068,800","2.87125683",,"2.79653358","0.852738857",
"2025 Oct 09 11:54:00 PM","1,760,068,440","2.8714745",,"2.79413962","0.8398041",
"2025 Oct 09 11:48:00 PM","1,760,068,080","2.87016845",,"2.79936433","0.8283531",
"2025 Oct 09 11:42:00 PM","1,760,067,720","2.85906672",,"2.786955","0.8202117",
"2025 Oct 09 11:36:00 PM","1,760,067,360","2.83925629",,"2.780424","0.8075814",
"2025 Oct 09 11:30:00 PM","1,760,067,000","2.8255415",,"2.76670933","0.795978069",
"2025 Oct 09 11:24:00 PM","1,760,066,640","2.78983951",,"2.74406934","0.78475523",
"2025 Oct 09 11:18:00 PM","1,760,066,280","2.765893",,"2.729702","0.7752063",
"2025 Oct 09 11:12:00 PM","1,760,065,920","2.73737526",,"2.70031333","0.766190052",
"2025 Oct 09 11:06:00 PM","1,760,065,560","2.69819045",,"2.67244887","0.7524562",
"2025 Oct 09 11:00:00 PM","1,760,065,200","2.65813541",,"2.62912846","0.7429455",
"2025 Oct 09 10:54:00 PM","1,760,064,840","2.59979367",,"2.59146714","0.7314183",
"2025 Oct 09 10:48:00 PM","1,760,064,480","2.52860737",,"2.52724767","0.7230107",
"2025 Oct 09 10:42:00 PM","1,760,064,120","2.47266078",,"2.46302772","0.712510765",
"2025 Oct 09 10:36:00 PM","1,760,063,760","2.41453624",,"2.40599227","0.7046737",
"2025 Oct 09 10:30:00 PM","1,760,063,400","2.355978",,"2.36245418","0.697102964",
"2025 Oct 09 10:24:00 PM","1,760,063,040","2.28065467",,"2.28168917","0.68561393",
"2025 Oct 09 10:18:00 PM","1,760,062,680","2.20141482",,"2.19766","0.6794509",
"2025 Oct 09 10:12:00 PM","1,760,062,320","2.11869168",,"2.11188912","0.6707389",
"2025 Oct 09 10:06:00 PM","1,760,061,960","2.05164242",,"2.043968","0.6630922",
"2025 Oct 09 10:00:00 PM","1,760,061,600","1.99134064",,"1.97713661","0.654494464",
"2025 Oct 09 09:54:00 PM","1,760,061,240","1.92712212",,"1.89049542","0.6473041",
"2025 Oct 09 09:48:00 PM","1,760,060,880","1.86965084",,"1.84107912","0.641331255",
"2025 Oct 09 09:42:00 PM","1,760,060,520","1.80216587",,"1.77772951","0.6363097",
"2025 Oct 09 09:36:00 PM","1,760,060,160","1.73685753",,"1.69544172","0.6309454",
"2025 Oct 09 09:30:00 PM","1,760,059,800","1.65696478",,"1.63122272","0.628054261",
"2025 Oct 09 09:24:00 PM","1,760,059,440","1.57554662",,"1.537614","0.6250106",
"2025 Oct 09 09:18:00 PM","1,760,059,080","1.50174868",,"1.47361267","0.6232988",
"2025 Oct 09 09:12:00 PM","1,760,058,720","1.43034649",,"1.36933768","0.6201793",
"2025 Oct 09 09:06:00 PM","1,760,058,360","1.35524213",,"1.28596067","0.619874835",
"2025 Oct 09 09:00:00 PM","1,760,058,000","1.28362",,"1.20889807","0.618238866",
"2025 Oct 09 08:54:00 PM","1,760,057,640","1.20089662",,"1.16252911","0.6192661",
"2025 Oct 09 08:48:00 PM","1,760,057,280","1.11294842",,"1.05738342","0.625010669",
"2025 Oct 09 08:42:00 PM","1,760,056,920","1.032838",,"0.974442","0.6274075",
"2025 Oct 09 08:36:00 PM","1,760,056,560","0.9568625",,"0.9032572","0.6307551",
"2025 Oct 09 08:30:00 PM","1,760,056,200","0.8987395",,"0.8383836","0.6392769",
"2025 Oct 09 08:24:00 PM","1,760,055,840","0.8312537",,"0.7706809","0.6431194",
"2025 Oct 09 08:18:00 PM","1,760,055,480","0.741782",,"0.6742436","0.6503096",
"2025 Oct 09 08:12:00 PM","1,760,055,120","0.653398454",,"0.606758654","0.656967163",
"2025 Oct 09 08:06:00 PM","1,760,054,760","0.573069751",,"0.5377496","0.664765954",
"2025 Oct 09 08:00:00 PM","1,760,054,400","0.489475727",,"0.4643871","0.671880245",
"2025 Oct 09 07:54:00 PM","1,760,054,040","0.407623559",,"0.386235237","0.682228",
"2025 Oct 09 07:48:00 PM","1,760,053,680","0.324899554",,"0.311784059","0.689151943",
"2025 Oct 09 07:42:00 PM","1,760,053,320","0.261768967",,"0.2499594","0.7036086",
"2025 Oct 09 07:36:00 PM","1,760,052,960","0.157711819",,"0.190093949","0.7127388",
"2025 Oct 09 07:30:00 PM","1,760,052,600","0.100240268",,"0.135453388","0.724342167",
"2025 Oct 09 07:24:00 PM","1,760,052,240","0.02012952",,"0.05033453","0.739369333",
"2025 Oct 09 07:18:00 PM","1,760,051,880","-0.0578049",,"-0.01127223","0.7515432",
"2025 Oct 09 07:12:00 PM","1,760,051,520","-0.124201417",,"-0.06351844","0.7670271",
"2025 Oct 09 07:06:00 PM","1,760,051,160","-0.182978868",,"-0.124908254","0.7954454",
"2025 Oct 09 07:00:00 PM","1,760,050,800","-0.244802669",,"-0.181073472","0.7792771",
"2025 Oct 09 06:54:00 PM","1,760,050,440","-0.307063133",,"-0.214815781","0.7564129",
"2025 Oct 09 06:48:00 PM","1,760,050,080","-0.354303151",,"-0.287742883","0.765619457",
"2025 Oct 09 06:42:00 PM","1,760,049,720","-0.427883863",,"-0.336070448","0.7757769",
"2025 Oct 09 06:36:00 PM","1,760,049,360","-0.444645315",,"-0.372861236","0.7850215",
"2025 Oct 09 06:30:00 PM","1,760,049,000","-0.482959658",,"-0.420100242","0.794494331",
"2025 Oct 09 06:24:00 PM","1,760,048,640","-0.5173549",,"-0.4490532","0.80442363",
"2025 Oct 09 06:18:00 PM","1,760,048,280","-0.52606225",,"-0.455366582","0.813097656",
"2025 Oct 09 06:12:00 PM","1,760,047,920","-0.541083",,"-0.4638563","0.823026836",
"2025 Oct 09 06:06:00 PM","1,760,047,560","-0.5567572",,"-0.4712578","0.8353532",
"2025 Oct 09 06:00:00 PM","1,760,047,200","-0.56633544",,"-0.480182976","0.8442171",
"2025 Oct 09 05:54:00 PM","1,760,046,840","-0.5419541",,"-0.49629283","0.8540705",
"2025 Oct 09 05:48:00 PM","1,760,046,480","-0.518443346",,"-0.4780064","0.8655596",
"2025 Oct 09 05:42:00 PM","1,760,046,120","-0.5143076",,"-0.431420177","0.8778477",
"2025 Oct 09 05:36:00 PM","1,760,045,760","-0.507994533",,"-0.42293033","0.888804",
"2025 Oct 09 05:30:00 PM","1,760,045,400","-0.4799117",,"-0.405079335","0.8977062",
"2025 Oct 09 05:24:00 PM","1,760,045,040","-0.441815376",,"-0.368071318","0.907978058",
"2025 Oct 09 05:18:00 PM","1,760,044,680","-0.4119915",,"-0.333458155","0.920266151",
"2025 Oct 09 05:12:00 PM","1,760,044,320",,,"-0.287742525","0.9333531",
"2025 Oct 09 05:06:00 PM","1,760,043,960","-0.317729682",,"-0.2374558","0.9479618",
"2025 Oct 09 05:00:00 PM","1,760,043,600","-0.266790658",,"-0.1873862","0.962151945",
"2025 Oct 09 04:54:00 PM","1,760,043,240","-0.213673159",,"-0.139275551","0.975733459",
"2025 Oct 09 04:48:00 PM","1,760,042,880",,,"-0.06700146","0.994831264",
"2025 Oct 09 04:42:00 PM","1,760,042,520","-0.08719269",,"-0.00844256","0.981402",
"2025 Oct 09 04:36:00 PM","1,760,042,160","-0.01774931",,"0.05838923","0.9591465",
"2025 Oct 09 04:30:00 PM","1,760,041,800","0.06040227",,"0.11869061","0.9662226",
"2025 Oct 09 04:24:00 PM","1,760,041,440","0.147262812",,"0.200325534","0.9759237",
"2025 Oct 09 04:18:00 PM","1,760,041,080","0.206257582",,"0.2719463","0.9837606",
"2025 Oct 09 04:12:00 PM","1,760,040,720","0.28897962",,"0.330940634","0.9934996",
"2025 Oct 09 04:06:00 PM","1,760,040,360","0.39717415",,"0.4171482","1.003163",
"2025 Oct 09 04:00:00 PM","1,760,040,000","0.484903663",,"0.502047956","1.01084757",
"2025 Oct 09 03:54:00 PM","1,760,039,640","0.581994951",,"0.5899962","1.01914108",
"2025 Oct 09 03:48:00 PM","1,760,039,280","0.664283037",,"0.68578124","1.02827156",
"2025 Oct 09 03:42:00 PM","1,760,038,920","0.7665991",,"0.7584905","1.03542376",
"2025 Oct 09 03:36:00 PM","1,760,038,560","0.864778",,"0.86167717","1.04599977",
"2025 Oct 09 03:30:00 PM","1,760,038,200","0.9542499",,"0.9509314","1.053266",
"2025 Oct 09 03:24:00 PM","1,760,037,840","1.06309664",,"1.05455315","1.06106508",
"2025 Oct 09 03:18:00 PM","1,760,037,480","1.15583444",,"1.1422838","1.06943452",
"2025 Oct 09 03:12:00 PM","1,760,037,120","1.26468194",,"1.24503481","1.0760541",
"2025 Oct 09 03:06:00 PM","1,760,036,760","1.34000337",,"1.327541","1.08088577",
"2025 Oct 09 03:00:00 PM","1,760,036,400","1.44950235",,"1.40939319","1.08819",
"2025 Oct 09 02:54:00 PM","1,760,036,040","1.536362",,"1.50147724","1.093326",
"2025 Oct 09 02:48:00 PM","1,760,035,680","1.626923",,"1.61293662","1.09834754",
"2025 Oct 09 02:42:00 PM","1,760,035,320","1.73337424",,"1.681945","1.10192358",
"2025 Oct 09 02:36:00 PM","1,760,034,960","1.81762123",,,"1.10295093",
"2025 Oct 09 02:30:00 PM","1,760,034,600","1.89947474",,"1.84935153","1.10314107",
"2025 Oct 09 02:24:00 PM","1,760,034,240","1.98350394",,"1.93838739","1.10272264",
"2025 Oct 09 02:18:00 PM","1,760,033,880","2.07319283",,"2.0152328","1.10158122",
"2025 Oct 09 02:12:00 PM","1,760,033,520","2.15874672",,"2.09251428","1.09557045",
"2025 Oct 09 02:06:00 PM","1,760,033,160","2.24081683",,"2.16391826","1.0931356",
"2025 Oct 09 02:00:00 PM","1,760,032,800","2.3211453",,"2.23728013","1.08678234",
"2025 Oct 09 01:54:00 PM","1,760,032,440","2.409094",,"2.33916116","1.078603",
"2025 Oct 09 01:48:00 PM","1,760,032,080","2.48702812",,"2.41600633","1.07011938",
"2025 Oct 09 01:42:00 PM","1,760,031,720","2.54036212",,"2.48153138","1.062929",
"2025 Oct 09 01:36:00 PM","1,760,031,360","2.621998",,"2.564691","1.0555867",
"2025 Oct 09 01:30:00 PM","1,760,031,000","2.69470763",,"2.6169374","1.047103",
